index,Ikz2_0,Ikz2_995,Ikz2_4844,Ikz2_8757,Ikz2_12635,Ikz2_16102,Ikz2_19470,Uobr_0,Uobr_995,Uobr_4844,Uobr_8757,Uobr_12635,Uobr_16102,Uobr_19470,Uzp_0,Uzp_995,Uzp_4844,Uzp_8757,Uzp_12635,Uzp_16102,Uzp_19470,Iutz1_0,Iutz1_995,Iutz1_4844,Iutz1_8757,Iutz1_12635,Iutz1_16102,Iutz1_19470,Iutz2_0,Iutz2_995,Iutz2_4844,Iutz2_8757,Iutz2_12635,Iutz2_16102,Iutz2_19470,Usi_0,Usi_995,Usi_4844,Usi_8757,Usi_12635,Usi_16102,Usi_19470,Rsi_0,Rsi_995,Rsi_4844,Rsi_8757,Rsi_12635,Rsi_16102,Rsi_19470,Is_0,Is_995,Is_4844,Is_8757,Is_12635,Is_16102,Is_19470
3,1.830,1.825,1.820,1.805,1.790,1.790,1.790,0.698,0.694,0.689,0.685,0.683,0.681,0.679,2.782,2.658,2.597,2.307,2.289,2.257,2.125,17.460,19.695,20.255,14.680,12.590,12.475,12.195,18.900,17.735,17.495,17.255,14.708,12.160,12.000,3.860,3.880,3.890,3.910,3.940,3.890,3.840,490.000,490.564,491.128,495.500,499.872,505.964,500.930,6.264,6.188,6.178,6.168,6.158,6.148,6.060
4,1.825,1.825,1.820,1.805,1.790,1.790,1.790,0.699,0.695,0.691,0.686,0.684,0.682,0.680,2.790,2.720,2.650,2.300,2.158,2.123,2.123,18.310,19.625,19.875,16.873,13.870,12.745,12.420,19.380,18.150,16.630,15.630,14.630,14.005,12.385,3.970,3.980,3.990,4.030,4.070,4.000,3.970,509.300,499.841,490.382,495.337,500.291,518.473,508.530,6.196,6.104,6.090,6.076,6.062,6.048,5.970
5,1.825,1.825,1.820,1.805,1.790,1.790,1.790,0.698,0.697,0.696,0.695,0.694,0.696,0.696,2.887,2.869,2.861,2.832,2.818,2.821,2.828,17.880,21.265,21.140,15.375,13.145,11.720,10.290,21.090,19.105,17.120,15.713,14.305,12.385,12.000,3.760,3.780,3.790,3.820,3.840,3.790,3.750,505.900,498.596,491.291,495.191,499.091,507.364,502.660,6.228,6.152,6.142,6.132,6.122,6.112,6.080
6,1.825,1.825,1.820,1.805,1.790,1.790,1.790,0.698,0.698,0.696,0.694,0.692,0.693,0.693,2.913,2.842,2.852,2.683,2.667,2.623,2.626,18.460,19.760,20.910,17.235,13.560,13.905,12.780,20.220,18.275,17.890,17.505,16.155,14.805,13.985,3.780,3.790,3.800,3.830,3.850,3.790,3.760,495.300,493.623,491.946,495.964,499.982,495.600,491.720,6.364,6.256,6.255,6.254,6.253,6.252,6.160
8,1.825,1.825,1.825,1.805,1.790,1.790,1.790,0.698,0.695,0.691,0.686,0.686,0.686,0.685,2.703,2.663,2.623,2.281,2.230,2.221,2.215,22.620,22.575,20.000,15.435,13.700,12.420,11.790,19.760,19.695,18.885,18.075,16.345,16.015,15.000,4.040,4.050,4.100,4.110,4.130,4.070,4.020,508.600,500.155,491.710,495.964,500.218,518.382,518.260,6.112,6.052,6.036,6.020,6.004,5.988,5.940
9,1.825,1.825,1.825,1.805,1.795,1.795,1.790,0.693,0.680,0.683,0.646,0.644,0.642,0.642,2.465,2.386,2.307,1.929,1.846,1.800,1.793,20.100,19.955,18.435,16.310,15.420,13.560,13.565,20.800,16.880,16.308,15.735,15.368,15.000,13.875,3.920,3.930,3.950,3.970,4.000,3.950,3.880,508.600,500.019,491.437,495.846,500.254,518.255,515.210,6.080,6.060,6.041,6.022,6.003,5.984,5.920
10,1.825,1.825,1.820,1.805,1.795,1.790,1.790,0.696,0.695,0.691,0.690,0.688,0.689,0.690,2.817,2.795,2.773,2.544,2.528,2.494,2.520,20.290,19.680,19.450,15.935,14.298,12.660,12.155,19.140,17.895,17.360,17.285,17.210,16.283,15.355,3.690,3.710,3.730,3.750,3.770,3.710,3.660,493.900,492.932,491.964,495.964,499.963,494.091,488.920,6.352,6.276,6.275,6.274,6.273,6.272,6.240
11,1.830,1.825,1.820,1.805,1.800,1.800,1.795,0.698,0.694,0.691,0.684,0.676,0.676,0.674,2.492,2.448,2.404,2.024,1.946,1.815,1.752,19.230,19.520,16.893,14.265,12.905,12.360,12.210,21.650,19.295,16.940,16.910,15.605,14.300,14.025,4.350,4.410,4.470,4.500,4.530,4.480,4.430,511.300,503.841,496.382,500.618,504.854,522.109,521.020,5.824,5.648,5.640,5.632,5.624,5.616,5.540
12,1.830,1.825,1.820,1.810,1.805,1.805,1.790,0.700,0.699,0.700,0.699,0.698,0.699,0.698,3.239,3.220,3.204,3.153,3.139,3.135,3.144,21.310,21.020,20.790,15.235,14.635,14.445,14.215,22.940,21.970,17.175,15.905,15.828,15.750,15.710,3.860,3.890,3.890,3.960,4.020,3.880,3.840,490.000,491.219,492.437,496.782,501.127,518.546,517.280,6.112,6.012,6.007,6.002,5.997,5.992,5.930
13,1.825,1.825,1.820,1.810,1.805,1.805,1.790,0.698,0.696,0.693,0.690,0.691,0.689,0.687,2.799,2.702,2.711,2.456,2.458,2.371,2.369,18.430,19.195,17.035,14.875,14.585,14.395,14.190,22.290,20.555,18.820,18.100,17.380,15.890,14.400,3.940,3.970,3.980,4.000,4.030,3.960,3.920,509.500,501.350,493.200,497.118,501.036,519.218,517.680,6.000,5.940,5.933,5.926,5.919,5.912,5.860
14,1.830,1.830,1.825,1.820,1.810,1.805,1.795,0.697,0.696,0.694,0.693,0.692,0.693,0.692,2.799,2.737,2.746,2.623,2.621,2.591,2.599,21.910,21.310,21.505,16.500,15.815,15.653,15.490,23.090,19.050,18.100,17.958,17.815,15.925,14.035,3.850,3.860,3.870,3.900,3.930,3.860,3.820,508.800,500.119,491.437,495.273,499.109,517.582,507.970,6.172,6.112,6.106,6.100,6.094,6.088,6.040
15,1.825,1.825,1.820,1.805,1.805,1.800,1.795,0.693,0.684,0.680,0.654,0.652,0.644,0.641,2.492,2.378,2.263,1.797,1.779,1.740,1.732,18.000,20.385,20.310,15.230,14.480,12.735,10.990,19.830,18.748,17.665,16.540,16.700,16.025,15.350,3.950,3.960,3.970,4.010,4.040,3.970,3.940,509.000,499.900,490.800,494.909,499.018,516.491,511.990,6.216,6.112,6.110,6.108,6.106,6.104,6.020
17,1.825,1.825,1.820,1.805,1.800,1.800,1.795,0.699,0.696,0.693,0.691,0.690,0.689,0.687,2.843,2.804,2.764,2.481,2.465,2.351,2.333,22.870,22.085,20.475,14.550,14.353,14.155,14.075,19.130,19.970,19.420,16.480,15.490,14.500,14.220,3.860,3.890,3.920,3.960,4.000,3.920,3.880,504.300,497.878,491.455,494.691,497.927,512.291,505.330,6.256,6.196,6.170,6.144,6.118,6.092,6.080
18,1.825,1.825,1.820,1.805,1.800,1.800,1.800,0.699,0.697,0.696,0.695,0.695,0.696,0.695,2.887,2.851,2.852,2.755,2.748,2.740,2.749,18.650,20.295,17.905,15.515,14.270,14.700,14.390,20.550,19.725,18.900,17.460,17.415,17.370,16.235,3.850,3.880,3.880,3.910,3.930,3.870,3.820,508.700,500.314,491.928,495.182,498.436,518.291,509.990,6.172,6.072,6.075,6.078,6.081,6.084,6.030
19,1.830,1.830,1.825,1.810,1.800,1.800,1.800,0.696,0.693,0.689,0.684,0.684,0.683,0.682,2.579,2.514,2.448,1.956,1.940,1.926,1.912,20.530,20.100,19.980,15.540,13.988,12.435,12.325,22.870,18.750,16.895,16.540,16.300,15.800,15.300,3.920,3.940,3.950,3.980,4.000,3.940,3.890,508.500,500.487,492.473,495.882,499.291,517.982,516.480,6.080,6.048,6.040,6.032,6.024,6.016,5.970
20,1.830,1.830,1.825,1.805,1.800,1.795,1.795,0.698,0.697,0.691,0.694,0.694,0.695,0.695,2.922,2.869,2.870,2.784,2.772,2.751,2.758,22.720,22.200,21.445,14.745,14.668,14.590,14.295,20.210,18.290,21.245,16.585,17.445,16.935,14.475,3.670,3.700,3.710,3.730,3.750,3.690,3.640,484.600,487.710,490.819,491.946,493.073,484.728,480.440,6.488,6.376,6.383,6.390,6.397,6.404,6.300
22,1.825,1.825,1.820,1.805,1.805,1.805,1.800,0.693,0.689,0.686,0.675,0.663,0.658,0.655,2.509,2.443,2.377,2.017,1.885,1.740,1.732,18.070,22.170,20.755,18.398,16.040,15.250,14.460,20.030,18.950,17.870,17.320,16.940,14.925,12.910,3.820,3.840,3.850,3.890,3.920,3.860,3.820,507.600,499.673,491.746,494.910,498.073,511.855,505.730,6.212,6.188,6.165,6.142,6.119,6.096,6.050
23,1.825,1.825,1.825,1.810,1.810,1.805,1.800,0.697,0.696,0.696,0.695,0.694,0.695,0.695,2.799,2.754,2.764,2.700,2.700,2.694,2.703,20.600,20.545,20.950,17.838,14.725,13.503,12.280,24.120,21.270,19.250,17.170,16.365,15.918,15.470,3.760,3.790,3.780,3.810,3.840,3.780,3.730,491.700,492.287,492.873,495.828,498.782,492.346,487.440,6.408,6.308,6.315,6.322,6.329,6.336,6.240
24,1.825,1.825,1.820,1.810,1.805,1.805,1.800,0.699,0.699,0.698,0.699,0.698,0.699,0.699,3.151,3.141,3.133,3.100,3.106,3.103,3.109,20.380,20.580,18.918,17.255,15.335,14.665,14.625,21.770,18.215,16.980,16.765,16.445,16.125,13.885,3.780,3.840,3.900,3.940,3.980,3.920,3.880,508.300,500.850,493.400,496.946,500.491,518.946,520.370,6.188,6.060,6.041,6.022,6.003,5.984,5.920
26,1.825,1.825,1.820,1.810,1.800,1.795,1.790,0.699,0.699,0.698,0.698,0.698,0.699,0.698,2.852,2.825,2.808,2.755,2.755,2.751,2.766,11.388,20.010,18.003,15.995,15.820,15.645,15.110,24.020,22.420,20.540,18.670,16.930,15.137,13.379,3.920,3.980,3.980,4.030,4.080,4.020,3.970,508.900,501.414,493.928,497.628,501.327,519.927,520.130,6.068,5.900,5.889,5.878,5.867,5.856,5.820
27,1.830,1.830,1.825,1.810,1.805,1.805,1.790,0.701,0.699,0.698,0.697,0.696,0.697,0.696,2.931,2.887,2.843,2.685,2.676,2.626,2.623,17.740,20.095,19.365,18.555,16.975,15.780,15.155,19.400,18.480,18.270,18.135,18.000,17.788,17.575,3.970,4.020,4.030,4.070,4.100,4.040,3.980,509.900,502.141,494.382,497.928,501.473,520.146,519.730,5.924,5.908,5.894,5.880,5.866,5.852,5.820
28,1.830,1.825,1.820,1.805,1.800,1.795,1.790,0.696,0.694,0.692,0.691,0.691,0.690,0.689,2.808,2.746,2.764,2.597,2.599,2.538,2.529,20.850,20.785,20.380,18.365,16.350,13.310,13.225,24.330,18.850,18.220,18.200,18.168,18.135,17.410,3.680,3.700,3.710,3.730,3.760,3.700,3.650,492.300,492.578,492.855,495.809,498.763,493.073,488.220,6.384,6.320,6.319,6.318,6.317,6.316,6.260
29,1.825,1.825,1.825,1.810,1.800,1.800,1.795,0.699,0.699,0.698,0.697,0.697,0.698,0.696,3.283,3.255,3.239,3.186,3.179,3.173,3.179,22.370,22.175,20.410,17.445,14.480,12.485,12.465,20.750,18.545,18.155,18.210,16.515,15.523,14.530,3.740,3.760,3.770,3.790,3.810,3.750,3.700,505.100,498.841,492.582,495.000,497.418,504.091,499.750,6.200,6.172,6.170,6.168,6.166,6.164,6.160
30,1.830,1.830,1.820,1.810,1.810,1.805,1.800,0.697,0.695,0.695,0.694,0.693,0.694,0.692,2.843,2.760,2.676,2.588,2.588,2.547,2.538,18.200,19.070,17.455,15.840,13.430,12.775,12.735,19.790,19.360,18.930,18.660,18.638,18.615,14.085,3.800,3.820,3.820,3.850,3.870,3.800,3.760,508.400,500.282,492.164,494.909,497.654,508.346,503.010,6.184,6.116,6.116,6.116,6.116,6.116,6.140
32,1.830,1.830,1.825,1.810,1.810,1.805,1.800,0.700,0.699,0.698,0.696,0.696,0.696,0.694,2.887,2.825,2.843,2.692,2.678,2.615,2.623,21.230,20.440,15.670,15.518,15.365,15.360,15.225,21.310,19.465,19.045,18.440,17.835,17.590,17.000,3.980,4.000,3.970,4.010,4.050,3.970,3.950,508.200,508.455,510.073,515.373,520.672,512.473,510.730,6.148,6.140,6.134,6.128,6.122,6.116,6.040
33,1.825,1.825,1.825,1.810,1.805,1.805,1.805,0.690,0.689,0.679,0.668,0.666,0.660,0.659,2.456,2.420,2.352,1.984,1.955,1.808,1.753,19.920,19.005,18.155,18.650,17.595,16.215,15.855,21.010,17.765,17.365,16.965,16.580,15.070,13.560,3.600,3.610,3.620,3.640,3.670,3.590,3.590,490.149,489.982,489.564,490.900,492.236,482.255,483.810,6.720,6.460,6.455,6.450,6.445,6.440,6.380
34,1.825,1.825,1.820,1.810,1.805,1.805,1.800,0.696,0.692,0.687,0.681,0.676,0.672,0.682,2.597,2.447,2.264,2.081,2.058,1.925,1.878,18.090,20.300,16.975,15.940,15.535,14.795,14.840,20.040,19.180,18.320,18.000,17.298,16.595,15.500,3.940,3.960,3.980,3.990,3.990,3.910,3.940,508.700,508.309,516.300,518.305,520.309,526.728,517.950,6.052,6.040,6.043,6.046,6.049,6.052,5.910
35,1.830,1.830,1.825,1.810,1.805,1.805,1.805,0.698,0.696,0.690,0.684,0.682,0.680,0.685,2.676,2.605,2.483,2.254,2.184,2.114,2.104,17.870,19.745,18.285,18.000,17.715,16.850,15.985,19.230,18.925,18.868,18.810,17.845,16.880,14.510,3.900,3.910,3.920,3.950,3.990,3.920,3.930,508.500,507.618,510.364,515.128,519.891,526.673,517.820,6.088,6.076,6.067,6.058,6.049,6.040,5.920
36,1.830,1.830,1.825,1.810,1.805,1.805,1.800,0.699,0.697,0.692,0.692,0.690,0.688,0.691,2.799,2.728,2.703,2.472,2.456,2.318,2.256,20.690,20.080,19.650,17.745,15.840,15.555,15.270,24.220,21.430,18.640,17.710,17.310,14.260,13.770,4.000,4.000,4.010,4.030,4.040,3.960,3.970,508.300,506.018,509.528,513.891,518.254,508.382,512.610,6.156,6.152,6.155,6.158,6.161,6.164,6.030
37,1.825,1.825,1.825,1.810,1.800,1.800,1.795,0.699,0.698,0.695,0.691,0.690,0.690,0.691,2.817,2.737,2.711,2.500,2.480,2.397,2.339,21.640,20.600,19.560,17.220,14.880,14.733,14.585,21.180,19.818,18.455,17.185,15.620,14.055,13.860,3.960,3.980,3.940,3.980,4.020,3.940,3.930,509.200,507.091,513.346,516.664,519.982,527.128,518.060,6.020,5.984,5.991,5.998,6.005,6.012,5.920
38,1.825,1.825,1.825,1.810,1.805,1.805,1.800,0.687,0.687,0.686,0.685,0.683,0.684,0.684,2.773,2.737,2.714,2.606,2.599,2.547,2.553,20.370,19.915,19.670,14.385,14.110,13.835,13.075,20.270,18.910,18.640,16.795,14.950,12.293,9.635,3.490,3.530,3.550,3.560,3.570,3.490,3.510,457.800,464.200,467.200,461.250,455.300,457.346,459.900,6.840,6.752,6.765,6.778,6.791,6.804,6.670
39,1.830,1.830,1.825,1.810,1.805,1.805,1.800,0.688,0.687,0.686,0.685,0.685,0.686,0.685,2.775,2.754,2.746,2.676,2.678,2.661,2.672,20.320,20.083,19.845,14.655,13.425,12.365,12.005,19.940,18.670,18.365,17.195,16.940,16.310,15.680,3.510,3.540,3.550,3.560,3.570,3.500,3.490,461.100,464.364,466.346,460.873,455.400,457.764,457.660,6.784,6.780,6.777,6.774,6.771,6.768,6.720
40,1.825,1.825,1.825,1.810,1.805,1.805,1.800,0.702,0.698,0.697,0.696,0.696,0.697,0.696,2.903,2.851,2.843,2.722,2.717,2.685,2.703,18.880,18.995,17.253,15.510,12.980,12.475,11.970,23.790,19.040,18.080,17.860,17.640,14.325,11.010,4.000,4.020,4.020,4.050,4.070,3.990,3.980,509.200,509.610,510.019,514.701,519.382,526.600,517.920,6.000,6.044,6.029,6.014,5.999,5.984,5.930
41,1.830,1.830,1.825,1.810,1.805,1.805,1.805,0.703,0.702,0.701,0.700,0.700,0.701,0.699,2.993,2.913,2.878,2.782,2.770,2.731,2.749,20.400,20.245,20.130,16.095,14.245,13.490,12.905,19.700,19.235,18.770,17.735,16.700,14.715,13.035,4.220,4.230,4.250,4.280,4.300,4.210,4.200,510.600,511.219,511.837,516.528,521.218,528.218,519.390,5.848,5.848,5.844,5.840,5.836,5.832,5.740
42,1.830,1.830,1.825,1.810,1.805,1.800,1.800,0.690,0.687,0.681,0.672,0.663,0.660,0.660,2.412,2.280,2.014,1.956,1.832,1.828,1.824,18.510,19.345,18.205,17.065,15.475,14.495,13.665,20.350,20.055,19.135,17.110,16.210,15.310,14.030,3.890,3.910,3.910,3.940,3.970,3.890,3.870,508.300,508.541,508.782,513.437,518.091,513.128,511.880,6.164,6.124,6.133,6.142,6.151,6.160,6.040
43,1.825,1.825,1.825,1.815,1.810,1.805,1.800,0.700,0.699,0.699,0.698,0.699,0.699,0.699,2.913,2.895,2.905,2.894,2.895,2.898,2.898,21.240,19.045,17.233,15.420,15.380,14.615,14.565,22.630,18.535,18.130,17.725,15.193,12.660,12.320,3.910,3.930,3.940,3.990,4.050,3.960,3.980,508.600,509.100,509.600,514.773,519.945,527.291,518.610,6.060,6.072,6.037,6.002,5.967,5.932,5.830
44,1.830,1.830,1.825,1.810,1.805,1.800,1.800,0.698,0.697,0.692,0.692,0.693,0.693,0.692,2.913,2.807,2.711,2.615,2.623,2.589,2.555,20.840,20.770,20.050,15.305,14.268,13.230,12.760,19.900,18.500,18.000,17.725,16.245,14.765,11.705,3.820,3.820,3.840,3.870,3.900,3.810,3.800,508.400,508.419,508.437,513.000,517.563,507.600,507.520,6.188,6.176,6.176,6.176,6.176,6.176,6.100
45,1.830,1.825,1.820,1.805,1.805,1.805,1.805,0.695,0.693,0.687,0.682,0.682,0.682,0.682,2.738,2.561,2.383,2.204,2.179,2.153,2.141,19.860,19.710,18.838,17.965,17.525,15.665,13.205,21.970,18.810,17.840,16.158,14.475,12.888,11.300,3.790,3.820,3.820,3.840,3.860,3.770,3.760,505.500,507.123,508.746,511.691,514.636,500.437,499.330,6.288,6.228,6.235,6.242,6.249,6.256,6.170
47,1.830,1.830,1.825,1.810,1.805,1.805,1.805,0.698,0.698,0.698,0.697,0.696,0.696,0.696,3.133,3.115,3.107,3.081,3.071,3.072,3.074,20.970,20.595,20.015,14.160,12.855,12.650,12.620,20.010,19.295,18.580,16.850,14.240,12.730,10.205,3.750,3.790,3.780,3.810,3.830,3.760,3.760,506.200,507.346,508.491,512.846,517.200,505.800,507.700,6.240,6.204,6.208,6.212,6.216,6.220,6.100
48,1.825,1.825,1.825,1.810,1.805,1.805,1.800,0.700,0.701,0.699,0.698,0.699,0.698,0.698,3.397,3.387,3.379,3.362,3.359,3.355,3.355,19.470,19.700,19.930,15.690,15.065,13.710,13.050,21.180,18.995,17.800,17.243,16.685,14.935,14.500,3.850,3.870,3.880,3.910,3.940,3.830,3.810,508.100,508.241,508.382,513.109,517.836,515.873,512.610,6.168,6.096,6.108,6.120,6.132,6.144,6.040
49,1.830,1.830,1.825,1.810,1.810,1.810,1.805,0.699,0.697,0.696,0.696,0.695,0.694,0.693,2.985,2.923,2.861,2.755,2.746,2.729,2.711,22.650,22.590,20.110,18.618,17.125,16.455,13.620,20.470,20.220,19.180,16.285,14.830,14.568,14.305,3.840,3.860,3.870,3.890,3.910,3.830,3.810,508.400,508.191,507.982,512.646,517.309,509.109,507.820,6.180,6.164,6.162,6.160,6.158,6.156,6.090
50,1.830,1.830,1.825,1.810,1.805,1.805,1.800,0.700,0.698,0.697,0.696,0.696,0.696,0.695,2.949,2.927,2.905,2.810,2.807,2.775,2.782,19.950,19.870,19.090,14.260,14.260,14.050,13.135,20.140,19.130,17.600,16.000,15.000,14.000,12.230,3.870,3.890,3.890,3.910,3.930,3.850,3.830,501.100,503.487,505.873,507.073,508.273,497.800,497.020,6.320,6.296,6.305,6.314,6.323,6.332,6.230
51,1.825,1.825,1.825,1.810,1.810,1.810,1.805,0.697,0.695,0.693,0.692,0.692,0.691,0.691,2.659,2.633,2.606,2.518,2.511,2.459,2.442,19.680,19.520,17.620,15.720,15.103,14.485,13.975,20.130,18.640,16.820,15.000,14.088,13.175,11.185,3.870,3.890,3.890,3.910,3.940,3.850,3.830,507.900,508.078,508.255,513.000,517.745,515.618,513.720,6.136,6.112,6.119,6.126,6.133,6.140,6.070
52,1.825,1.825,1.825,1.810,1.810,1.810,1.805,0.698,0.697,0.695,0.694,0.694,0.693,0.693,2.834,2.790,2.782,2.650,2.632,2.562,2.534,18.790,18.320,16.758,15.195,14.793,14.390,14.000,19.970,19.180,18.128,17.075,15.768,14.460,14.085,3.890,3.910,3.910,3.940,3.960,3.870,3.860,508.000,508.291,508.582,513.291,518.000,525.637,517.640,6.120,6.076,6.077,6.078,6.079,6.080,6.020
53,1.830,1.830,1.825,1.810,1.800,1.800,1.800,0.699,0.698,0.698,0.697,0.697,0.696,0.696,3.344,3.326,3.318,3.313,3.308,3.305,3.295,20.580,20.520,20.515,18.375,16.235,15.785,13.500,20.390,19.580,18.770,18.385,18.000,17.160,16.320,3.670,3.700,3.710,3.730,3.760,3.670,3.660,492.300,496.837,498.800,499.982,501.163,490.328,490.260,6.396,6.368,6.366,6.364,6.362,6.360,6.300
54,1.830,1.830,1.825,1.810,1.810,1.810,1.805,0.701,0.701,0.699,0.698,0.698,0.698,0.697,3.212,3.185,3.168,3.124,3.117,3.111,3.103,19.590,19.418,19.245,14.660,13.943,13.225,12.995,19.510,20.175,18.885,16.445,15.285,14.125,14.000,3.880,3.890,3.890,3.920,3.940,3.870,3.840,508.200,507.982,507.764,512.219,516.673,509.455,507.010,6.212,6.180,6.190,6.200,6.210,6.220,6.120
55,1.830,1.830,1.825,1.810,1.805,1.805,1.805,0.698,0.695,0.691,0.689,0.689,0.686,0.685,2.746,2.667,2.659,2.413,2.401,2.265,2.223,18.470,19.420,18.175,16.510,16.083,15.655,15.425,21.780,21.480,21.290,21.100,19.660,18.675,17.690,3.800,3.800,3.810,3.830,3.850,3.770,3.760,497.900,499.364,500.382,501.209,502.036,491.873,491.590,6.328,6.328,6.335,6.342,6.349,6.356,6.280
56,1.830,1.830,1.820,1.810,1.810,1.805,1.800,0.701,0.700,0.699,0.699,0.698,0.697,0.697,3.397,3.379,3.371,3.344,3.350,3.346,3.331,20.840,20.725,19.360,14.390,13.790,13.760,13.005,20.390,19.448,18.505,16.253,14.000,13.605,13.210,3.800,3.830,3.850,3.870,3.890,3.800,3.780,508.000,507.773,507.546,512.100,516.654,508.164,506.530,6.208,6.192,6.201,6.210,6.219,6.228,6.140
57,1.830,1.825,1.820,1.810,1.810,1.805,1.805,0.699,0.696,0.695,0.695,0.694,0.693,0.693,2.773,2.734,2.694,2.527,2.517,2.406,2.398,20.760,20.685,18.615,17.955,17.295,15.100,14.355,20.000,19.900,19.195,18.430,16.180,13.930,11.265,4.050,4.070,4.070,4.110,4.150,4.140,4.130,507.200,508.719,510.237,514.928,519.618,528.655,520.320,5.940,5.892,5.865,5.838,5.811,5.784,5.700
58,1.830,1.830,1.820,1.810,1.805,1.805,1.805,0.698,0.694,0.688,0.687,0.686,0.683,0.682,2.682,2.631,2.588,2.377,2.350,2.232,2.224,18.170,18.985,17.515,16.045,16.038,16.030,15.505,20.560,20.340,20.120,19.740,19.068,18.395,18.155,3.770,3.780,3.790,3.800,3.820,3.740,3.730,508.100,508.169,508.237,511.600,514.963,501.237,500.730,6.188,6.252,6.258,6.264,6.270,6.276,6.170
59,1.825,1.825,1.825,1.805,1.805,1.805,1.805,0.703,0.702,0.701,0.701,0.701,0.701,0.700,3.062,3.053,3.028,3.010,3.001,2.995,2.982,19.970,19.805,18.405,15.575,14.650,13.725,9.920,23.500,19.300,18.440,17.045,15.650,15.093,14.535,4.060,4.090,4.130,4.180,4.230,4.130,4.130,510.200,510.491,510.782,515.364,519.945,528.437,520.040,5.860,5.852,5.843,5.834,5.825,5.816,5.710
60,1.825,1.825,1.820,1.810,1.810,1.810,1.805,0.699,0.696,0.690,0.689,0.689,0.687,0.686,2.814,2.728,2.667,2.465,2.447,2.333,2.298,19.890,19.870,20.310,17.800,17.765,16.890,13.945,20.330,19.665,19.000,18.270,17.918,17.565,13.535,3.850,3.860,3.880,3.890,3.910,3.830,3.800,507.700,507.605,507.510,511.801,516.091,509.909,508.040,6.132,6.172,6.169,6.166,6.163,6.160,6.090
61,1.825,1.825,1.825,1.815,1.810,1.810,1.805,0.699,0.699,0.698,0.698,0.699,0.699,0.698,3.502,3.493,3.375,3.347,3.319,3.382,3.382,20.700,20.660,19.945,15.840,16.945,15.505,14.360,20.480,20.005,19.130,17.480,15.830,15.710,11.615,3.930,3.980,3.980,4.040,4.090,4.020,3.990,508.000,508.382,508.764,513.964,519.163,525.200,519.220,6.120,5.952,5.931,5.910,5.889,5.868,5.800
63,1.825,1.825,1.825,1.815,1.810,1.810,1.810,0.701,0.701,0.700,0.700,0.700,0.701,0.699,3.362,3.352,3.344,3.318,3.317,3.313,3.309,19.590,19.130,19.015,15.730,15.610,14.898,14.185,23.600,19.950,19.420,18.890,17.065,13.640,11.515,3.850,3.900,3.900,3.920,3.930,3.850,3.840,507.900,508.060,508.219,512.182,516.145,520.491,517.330,6.164,6.136,6.142,6.148,6.154,6.160,6.070
64,1.830,1.830,1.820,1.810,1.810,1.810,1.810,0.697,0.697,0.693,0.692,0.692,0.691,0.689,2.843,2.772,2.769,2.604,2.588,2.529,2.505,19.440,18.490,16.960,15.425,15.900,15.560,12.640,23.000,19.000,18.573,18.145,17.565,14.550,11.535,3.800,3.810,3.820,3.840,3.860,3.790,3.760,508.100,507.978,507.855,511.673,515.491,504.109,501.590,6.260,6.224,6.231,6.238,6.245,6.252,6.210
65,1.825,1.825,1.825,1.815,1.810,1.810,1.810,0.697,0.695,0.693,0.692,0.690,0.690,0.690,2.738,2.658,2.650,2.463,2.449,2.410,2.401,19.770,19.600,19.615,17.130,16.820,16.235,15.190,22.230,20.613,18.995,17.975,17.240,16.505,9.175,3.860,3.870,3.870,3.940,3.920,3.830,3.870,508.000,507.682,507.364,511.382,515.400,511.564,517.080,6.176,6.116,6.127,6.138,6.149,6.160,6.020
66,1.830,1.830,1.825,1.815,1.815,1.815,1.810,0.695,0.693,0.686,0.679,0.678,0.677,0.671,2.659,2.526,2.492,2.151,2.131,2.092,1.967,19.830,19.460,19.265,17.345,16.610,16.218,15.825,23.220,21.165,19.110,18.748,18.385,17.415,10.715,3.800,3.820,3.810,3.860,3.840,3.740,3.770,502.900,504.123,505.346,505.373,505.400,493.928,498.530,6.312,6.256,6.281,6.306,6.331,6.356,6.220
67,1.825,1.825,1.825,1.810,1.805,1.805,1.805,0.698,0.695,0.694,0.693,0.692,0.690,0.690,2.834,2.781,2.773,2.615,2.605,2.511,2.498,20.810,20.630,19.040,15.285,14.530,14.353,14.175,21.480,20.658,19.835,18.195,16.368,14.540,11.345,3.700,3.800,3.800,3.840,3.820,3.750,3.770,495.500,499.200,500.110,499.755,499.400,490.382,493.590,6.392,6.348,6.371,6.394,6.417,6.440,6.280
68,1.835,1.830,1.820,1.815,1.810,1.810,1.810,0.698,0.698,0.697,0.696,0.694,0.694,0.693,2.905,2.860,2.816,2.771,2.770,2.733,2.723,20.990,20.125,19.810,14.985,12.950,12.208,11.465,21.370,20.403,19.435,17.780,17.510,16.665,10.240,3.840,3.860,3.840,3.890,3.870,3.780,3.820,500.900,500.946,503.946,503.673,503.400,492.546,497.810,6.316,6.300,6.319,6.338,6.357,6.376,6.270
69,1.830,1.825,1.825,1.815,1.810,1.810,1.805,0.692,0.690,0.684,0.678,0.676,0.670,0.670,2.571,2.464,2.421,2.131,2.111,1.942,1.936,19.280,19.240,19.375,16.435,15.875,15.225,14.445,19.650,19.040,18.970,18.900,12.975,11.313,9.650,3.700,3.730,3.710,3.760,3.740,3.650,3.690,497.000,499.928,498.746,498.846,498.945,488.655,493.730,6.352,6.336,6.359,6.382,6.405,6.428,6.310
70,1.830,1.830,1.825,1.815,1.815,1.815,1.810,0.698,0.698,0.696,0.695,0.694,0.693,0.693,2.808,2.754,2.699,2.643,2.629,2.562,2.542,21.500,20.723,19.945,16.070,15.090,13.405,13.055,21.030,20.500,20.105,19.710,17.785,15.860,9.480,3.880,3.900,3.880,3.930,3.910,3.810,3.840,507.900,507.405,506.910,510.928,514.945,507.546,515.220,6.180,6.128,6.151,6.174,6.197,6.220,6.060
71,1.825,1.825,1.825,1.810,1.810,1.805,1.805,0.688,0.683,0.673,0.654,0.652,0.643,0.642,2.311,2.174,2.114,1.753,1.748,1.740,1.724,18.080,18.755,18.515,17.050,15.585,15.360,15.165,20.000,19.838,19.675,18.915,14.825,12.843,10.860,3.730,3.760,3.740,3.770,3.740,3.650,3.720,500.300,501.091,502.655,501.619,500.582,489.964,498.060,6.344,6.304,6.328,6.352,6.376,6.400,6.220
72,1.830,1.830,1.825,1.810,1.810,1.810,1.810,0.700,0.698,0.698,0.697,0.697,0.696,0.696,3.098,2.926,2.753,2.764,2.764,2.761,2.758,17.950,19.275,18.740,15.035,13.648,12.260,11.635,24.290,19.255,18.228,17.200,16.090,13.250,10.410,3.910,3.970,3.960,4.020,4.040,3.940,3.980,508.100,507.787,507.473,511.964,516.454,526.200,517.790,6.108,6.096,6.091,6.086,6.081,6.076,5.930
73,1.830,1.830,1.825,1.815,1.815,1.815,1.810,0.702,0.699,0.699,0.698,0.697,0.697,0.696,3.327,3.253,2.905,2.790,2.772,2.765,2.758,19.760,19.680,18.050,16.515,16.425,16.335,14.540,19.970,19.820,19.690,19.560,19.205,18.850,9.400,3.940,3.950,3.940,4.000,3.970,3.890,3.950,508.700,508.105,507.510,511.546,515.582,525.855,517.390,6.032,6.072,6.074,6.076,6.078,6.080,5.950
74,1.825,1.825,1.825,1.815,1.810,1.810,1.810,0.693,0.689,0.682,0.674,0.672,0.666,0.666,2.518,2.403,2.342,2.041,2.019,1.961,1.903,18.860,18.770,17.930,15.755,14.495,14.278,14.060,19.090,18.635,17.978,17.320,15.585,13.095,10.605,3.820,3.850,3.840,3.880,3.870,3.780,3.820,504.200,505.719,507.237,508.664,510.091,497.018,503.440,6.272,6.228,6.260,6.292,6.324,6.356,6.190
75,1.830,1.830,1.820,1.815,1.815,1.810,1.810,0.701,0.696,0.690,0.686,0.683,0.680,0.679,3.045,2.896,2.562,2.298,2.271,2.264,2.257,18.210,18.995,17.785,16.723,15.660,15.610,15.560,19.900,19.655,19.410,18.875,18.340,13.430,8.520,3.960,3.980,3.970,4.010,4.010,3.900,3.940,507.900,507.487,507.073,511.182,515.291,516.473,517.010,6.104,6.088,6.114,6.140,6.166,6.192,6.020
76,1.825,1.825,1.825,1.815,1.810,1.810,1.810,0.702,0.702,0.701,0.701,0.700,0.700,0.699,3.436,3.385,3.300,3.294,3.291,3.285,3.276,18.220,18.480,18.450,14.335,13.840,12.950,11.960,23.450,19.900,19.585,18.765,17.945,14.303,10.660,3.920,3.960,3.950,4.000,4.000,3.900,3.940,507.800,507.491,507.182,511.382,515.582,525.673,516.900,6.896,6.108,6.110,6.112,6.114,6.116,5.980
77,1.830,1.830,1.825,1.815,1.815,1.815,1.810,0.702,0.700,0.700,0.700,0.699,0.699,0.698,3.494,3.276,2.964,2.942,2.931,2.916,2.902,19.930,19.910,19.790,18.455,17.120,15.585,13.525,23.060,20.755,19.440,16.625,15.770,14.915,12.425,3.990,4.010,4.000,4.060,4.040,3.950,3.990,507.900,507.332,506.764,510.837,514.909,517.909,516.410,6.104,6.128,6.129,6.130,6.131,6.132,6.030
78,1.830,1.830,1.825,1.815,1.810,1.810,1.810,0.690,0.683,0.675,0.654,0.651,0.640,0.639,2.500,2.271,2.228,1.791,1.777,1.740,1.725,19.350,19.060,18.670,17.390,16.885,16.615,16.660,23.640,22.720,20.860,19.000,18.908,18.815,8.915,3.720,3.740,3.730,3.780,3.760,3.670,3.710,495.900,498.909,498.382,498.427,498.472,487.418,493.100,6.384,6.364,6.392,6.420,6.448,6.476,6.290
79,1.830,1.830,1.825,1.815,1.815,1.815,1.810,0.702,0.702,0.701,0.701,0.700,0.700,0.699,3.502,3.493,3.467,3.443,3.440,3.434,3.441,20.690,20.495,18.580,15.280,13.645,13.433,13.220,20.140,19.700,19.300,19.115,18.953,18.790,13.730,3.920,3.940,3.930,3.980,3.960,3.880,3.910,508.300,507.796,507.291,511.273,515.254,525.637,516.930,6.112,6.088,6.089,6.090,6.091,6.092,5.980
80,1.830,1.830,1.825,1.820,1.820,1.820,1.810,0.701,0.699,0.695,0.695,0.694,0.693,0.693,2.843,2.798,2.746,2.551,2.528,2.521,2.514,18.960,18.840,17.615,16.390,15.600,15.525,14.800,19.850,19.580,18.330,17.128,15.925,13.225,10.525,4.060,4.070,4.060,4.110,4.100,4.000,4.040,509.500,508.923,508.346,512.455,516.563,526.728,517.700,5.920,5.944,5.954,5.964,5.974,5.984,5.890
82,1.825,1.825,1.825,1.815,1.815,1.815,1.810,0.699,0.698,0.692,0.686,0.684,0.680,0.679,2.764,2.675,2.502,2.261,2.177,2.092,2.123,20.000,19.900,18.530,16.660,16.518,16.375,16.045,23.950,21.975,20.000,19.950,19.420,18.880,8.525,4.150,4.160,4.170,4.210,4.200,4.100,4.150,508.800,508.600,508.400,512.237,516.073,526.473,517.410,6.012,5.968,5.980,5.992,6.004,6.016,5.910
83,1.830,1.830,1.825,1.815,1.815,1.815,1.810,0.699,0.697,0.696,0.695,0.696,0.695,0.695,3.239,3.116,2.949,2.949,2.957,2.942,2.953,19.350,18.440,17.370,15.105,13.840,13.215,13.065,23.280,19.825,19.055,18.410,16.665,13.750,10.835,3.690,3.710,3.710,3.750,3.720,3.630,3.680,486.700,488.000,488.691,488.282,487.873,477.637,483.370,6.476,6.484,6.500,6.516,6.532,6.548,6.400
84,1.825,1.825,1.825,1.815,1.810,1.810,1.810,0.700,0.699,0.699,0.698,0.699,0.696,0.695,3.116,3.046,2.975,2.957,2.957,2.944,2.953,19.970,19.965,18.485,17.855,17.225,16.093,14.960,20.200,19.560,18.920,17.450,16.850,16.250,9.845,3.950,3.920,3.920,3.950,4.020,3.840,3.880,505.400,505.982,506.564,510.655,514.745,502.564,508.520,6.248,6.244,6.255,6.266,6.277,6.288,6.160
87,1.825,1.825,1.825,1.815,1.810,1.815,1.815,0.701,0.701,0.695,0.692,0.691,0.685,0.684,2.659,2.649,2.606,2.333,2.252,2.171,2.193,18.790,18.956,18.850,15.970,13.620,13.345,13.070,23.960,20.395,19.413,18.430,12.340,10.798,9.255,4.300,4.320,4.320,4.360,4.350,4.250,4.260,510.200,509.755,509.310,513.182,517.054,527.528,521.820,5.828,5.840,5.852,5.864,5.876,5.888,5.830
88,1.830,1.830,1.825,1.815,1.815,1.815,1.810,0.698,0.697,0.697,0.696,0.696,0.695,0.695,2.940,2.886,2.870,2.793,2.781,2.764,2.773,17.940,20.825,18.370,14.370,13.315,12.260,11.915,19.160,18.000,17.675,17.350,17.238,17.126,8.185,3.830,3.860,3.840,3.890,3.880,3.790,3.800,499.900,500.237,502.364,503.019,503.673,493.218,495.210,6.344,6.328,6.350,6.372,6.394,6.416,6.320
89,1.825,1.825,1.825,1.815,1.815,1.815,1.805,0.699,0.699,0.698,0.697,0.697,0.696,0.696,2.993,2.967,2.940,2.920,2.913,2.907,2.916,18.500,18.345,18.190,15.390,13.960,12.710,12.660,20.230,19.988,19.745,16.578,13.410,11.290,9.170,3.870,3.890,3.880,3.920,3.900,3.820,3.820,507.700,506.878,506.055,509.864,513.673,507.473,509.420,6.172,6.176,6.189,6.202,6.215,6.228,6.130
90,1.830,1.825,1.820,1.815,1.810,1.810,1.810,0.688,0.687,0.675,0.666,0.653,0.648,0.642,2.219,2.210,2.096,1.830,1.746,1.740,1.740,18.710,18.533,18.355,17.745,17.135,15.880,13.870,20.540,20.300,19.040,17.780,12.540,11.573,10.605,3.870,3.900,3.880,3.920,3.890,3.810,3.810,507.400,506.782,506.164,509.900,513.636,508.000,509.350,6.152,6.148,6.164,6.180,6.196,6.212,6.120
91,1.830,1.830,1.825,1.815,1.815,1.815,1.815,0.702,0.702,0.696,0.696,0.694,0.691,0.691,2.852,2.772,2.738,2.527,2.455,2.382,2.404,22.660,22.515,20.045,18.300,16.555,12.365,12.040,22.860,22.800,21.198,19.595,17.855,15.780,13.705,4.210,4.230,4.230,4.280,4.250,4.160,4.180,509.700,509.105,508.510,512.310,516.109,526.891,520.100,5.884,5.888,5.914,5.940,5.966,5.992,5.900
92,1.830,1.830,1.825,1.815,1.810,1.810,1.810,0.689,0.689,0.688,0.688,0.687,0.687,0.686,2.843,2.816,2.808,2.755,2.764,2.758,2.758,19.830,18.360,19.825,14.865,14.148,13.430,13.270,20.400,20.125,19.850,17.750,17.683,17.615,14.060,3.640,3.680,3.670,3.700,3.680,3.580,3.590,471.400,474.746,474.928,474.846,474.763,463.091,464.210,6.712,6.616,6.654,6.692,6.730,6.768,6.670
93,1.830,1.830,1.825,1.815,1.815,1.815,1.810,0.697,0.696,0.695,0.693,0.693,0.692,0.691,2.843,2.790,2.799,2.685,2.684,2.652,2.661,17.880,19.210,18.625,17.573,16.520,16.245,16.145,20.280,19.390,18.500,16.578,14.655,14.035,11.405,3.800,3.820,3.820,3.860,3.840,3.750,3.780,507.400,506.928,506.455,509.991,513.527,499.582,503.330,6.276,6.252,6.270,6.288,6.306,6.324,6.210
94,1.830,1.825,1.825,1.810,1.810,1.810,1.805,0.691,0.686,0.681,0.677,0.674,0.673,0.673,2.465,2.292,2.149,2.079,2.060,2.046,2.072,18.620,18.285,17.208,16.130,15.430,13.235,12.680,20.780,19.995,19.210,18.700,16.613,14.525,11.835,3.860,3.880,3.870,3.910,3.890,3.800,3.800,502.700,502.905,503.110,502.855,502.600,491.309,492.530,6.316,6.352,6.363,6.374,6.385,6.396,6.350
96,1.830,1.830,1.820,1.820,1.820,1.820,1.815,0.695,0.696,0.690,0.692,0.692,0.691,0.691,2.782,2.737,2.711,2.683,2.684,2.661,2.663,18.640,18.525,18.410,16.795,16.530,16.130,15.730,20.050,19.460,18.200,17.375,16.550,12.545,8.540,3.640,3.660,3.660,3.690,3.660,3.570,3.570,483.700,486.055,486.473,485.764,485.054,473.328,475.040,6.552,6.540,6.563,6.586,6.609,6.632,6.560
102,1.825,1.825,1.825,1.820,1.815,1.815,1.805,0.697,0.695,0.689,0.686,0.685,0.679,0.678,2.676,2.570,2.536,2.289,2.269,2.123,2.061,19.760,19.605,19.755,17.970,17.860,16.885,15.910,20.370,19.750,19.448,19.145,16.375,15.248,14.120,3.960,3.970,3.970,3.990,4.020,3.920,3.910,508.000,507.028,506.055,513.155,520.254,524.018,520.930,6.108,6.080,6.091,6.102,6.113,6.124,6.090
104,1.830,1.830,1.825,1.820,1.820,1.815,1.810,0.692,0.686,0.676,0.656,0.655,0.647,0.646,2.456,2.307,2.158,1.773,1.762,1.740,1.740,20.620,20.200,20.135,16.735,14.940,14.730,14.300,20.480,20.290,20.100,19.960,19.713,19.465,9.875,3.950,3.950,3.940,3.980,4.020,3.970,3.900,507.700,506.796,505.891,512.437,518.982,523.473,518.550,6.136,6.148,6.127,6.106,6.085,6.064,6.130
105,1.830,1.830,1.825,1.820,1.815,1.815,1.810,0.701,0.700,0.699,0.698,0.698,0.698,0.698,2.949,2.945,2.940,2.936,2.931,2.931,2.928,20.210,20.105,19.465,18.210,16.955,16.240,15.510,22.300,21.975,19.830,17.685,17.130,16.575,13.285,3.910,3.920,3.910,3.950,3.980,3.860,3.840,508.600,507.591,506.582,513.091,519.600,523.437,520.100,6.100,6.096,6.101,6.106,6.111,6.116,6.040
108,1.825,1.825,1.825,1.815,1.815,1.815,1.815,0.699,0.698,0.698,0.697,0.697,0.697,0.695,2.949,2.921,2.913,2.841,2.843,2.834,2.837,18.460,19.070,18.503,17.935,17.325,16.318,15.310,23.830,23.530,21.180,18.365,17.965,17.565,10.425,3.820,3.830,3.830,3.850,3.870,3.760,3.750,497.700,499.582,500.910,502.164,503.418,489.637,488.990,6.364,6.372,6.382,6.392,6.402,6.412,6.390
109,1.830,1.830,1.825,1.815,1.815,1.815,1.810,0.698,0.697,0.695,0.693,0.693,0.693,0.692,2.703,2.658,2.659,2.544,2.550,2.485,2.472,19.550,19.350,19.260,17.385,16.810,15.518,14.225,23.280,21.473,19.665,17.770,17.265,14.070,10.930,3.860,3.870,3.870,3.900,3.920,3.820,3.810,508.100,506.778,505.455,511.900,518.345,507.000,505.150,6.196,6.224,6.219,6.214,6.209,6.204,6.200
110,1.830,1.830,1.825,1.815,1.815,1.815,1.815,0.701,0.702,0.700,0.698,0.698,0.698,0.698,3.019,3.001,2.993,2.911,2.911,2.892,2.881,18.250,19.375,18.218,17.060,16.800,16.558,16.315,23.000,22.625,20.050,19.570,19.410,19.250,19.075,3.990,4.000,4.000,4.020,4.030,3.930,3.930,509.000,508.082,507.164,513.409,519.654,522.691,522.420,6.036,6.016,6.028,6.040,6.052,6.064,5.960
113,1.830,1.825,1.825,1.820,1.815,1.815,1.800,0.699,0.698,0.695,0.693,0.692,0.691,0.691,2.790,2.728,2.620,2.533,2.520,2.421,2.403,19.840,19.775,18.855,18.693,18.530,17.825,17.765,20.730,20.040,19.350,19.155,17.895,14.350,13.000,3.990,4.000,4.010,4.040,4.080,3.980,3.970,508.700,507.432,506.164,513.828,521.491,522.618,520.930,6.092,6.040,6.059,6.078,6.097,6.116,6.020
114,1.830,1.830,1.825,1.820,1.810,1.810,1.810,0.701,0.702,0.700,0.698,0.698,0.698,0.697,2.870,2.860,2.852,2.832,2.830,2.827,2.813,22.040,21.815,19.280,11.680,11.335,10.990,10.170,21.350,20.990,20.630,18.395,16.443,14.490,8.920,3.920,3.930,3.920,3.940,3.960,3.860,3.850,508.300,507.114,505.928,513.137,520.345,522.164,519.990,6.048,6.096,6.101,6.106,6.111,6.116,6.080
116,1.830,1.830,1.825,1.820,1.815,1.815,1.810,0.694,0.690,0.680,0.670,0.665,0.654,0.652,2.571,2.420,2.325,1.940,1.930,1.877,1.824,20.610,19.035,18.330,16.635,15.450,14.800,14.150,20.320,19.060,18.680,18.000,16.275,14.550,10.395,3.910,3.920,3.910,3.940,3.960,3.860,3.850,508.100,506.987,505.873,511.055,516.236,500.328,499.130,6.288,6.308,6.308,6.308,6.308,6.308,6.280
117,1.830,1.825,1.825,1.820,1.815,1.810,1.810,0.699,0.698,0.696,0.694,0.694,0.694,0.693,2.834,2.781,2.773,2.621,2.605,2.522,2.504,20.780,20.675,20.305,14.895,12.360,12.230,11.825,20.080,19.365,18.905,18.585,16.570,14.055,11.540,3.950,3.960,3.950,3.980,4.020,3.910,3.900,508.500,507.269,506.037,512.964,519.891,523.164,523.500,6.080,6.104,6.104,6.104,6.104,6.104,6.080
118,1.825,1.830,1.825,1.815,1.815,1.815,1.815,0.697,0.694,0.683,0.672,0.672,0.671,0.671,2.808,2.561,2.412,2.072,2.049,2.028,2.013,19.290,19.130,17.990,16.850,16.455,15.833,15.210,20.260,19.905,19.563,19.220,17.530,16.850,10.910,3.860,3.870,3.870,3.890,3.920,3.820,3.810,507.400,506.519,505.637,511.610,517.582,500.764,498.950,6.292,6.304,6.304,6.304,6.304,6.304,6.300
119,1.825,1.825,1.820,1.815,1.815,1.815,1.815,0.693,0.693,0.685,0.673,0.670,0.665,0.663,2.509,2.491,2.404,2.024,1.990,1.835,1.821,19.110,19.150,18.270,16.820,16.060,13.410,13.390,20.010,19.920,19.830,17.585,15.340,12.720,11.000,3.900,3.900,3.900,3.920,3.940,3.830,3.830,508.000,506.519,505.037,511.346,517.654,505.346,505.480,6.168,6.212,6.226,6.240,6.254,6.268,6.220
121,1.825,1.825,1.825,1.820,1.820,1.815,1.815,0.700,0.698,0.697,0.695,0.695,0.695,0.695,3.160,2.948,2.887,2.863,2.858,2.852,2.842,20.740,20.520,18.995,16.890,12.650,11.395,11.130,20.840,20.683,20.525,19.400,16.740,14.080,10.590,3.850,3.850,3.850,3.870,3.880,3.790,3.770,507.700,506.305,504.910,511.219,517.527,506.237,505.280,6.204,6.180,6.194,6.208,6.222,6.236,6.230
122,1.830,1.830,1.825,1.820,1.820,1.820,1.815,0.697,0.695,0.692,0.687,0.688,0.687,0.686,2.682,2.667,2.650,2.377,2.350,2.215,2.198,20.270,19.895,19.270,15.720,15.605,13.945,13.440,20.600,20.415,20.230,19.818,19.405,16.930,9.585,4.000,3.990,3.990,4.010,4.020,3.930,3.930,507.900,506.596,505.291,511.255,517.218,504.546,505.220,6.164,6.232,6.250,6.268,6.286,6.304,6.200
123,1.830,1.830,1.825,1.820,1.820,1.820,1.820,0.694,0.692,0.686,0.684,0.683,0.680,0.679,2.562,2.508,2.465,2.261,2.245,2.144,2.129,19.060,19.035,19.010,16.975,15.300,11.900,11.885,20.590,20.265,19.940,19.900,17.500,15.100,13.000,3.850,3.860,3.850,3.870,3.890,3.790,3.780,508.000,506.737,505.473,511.446,517.418,501.546,501.500,6.252,6.272,6.292,6.312,6.332,6.352,6.250
124,1.830,1.825,1.825,1.820,1.820,1.820,1.815,0.701,0.700,0.698,0.697,0.697,0.696,0.696,3.034,2.939,2.922,2.808,2.807,2.749,2.738,19.670,19.235,17.875,16.630,17.180,14.550,14.245,20.200,20.150,20.060,19.640,19.025,18.410,17.430,3.930,3.930,3.930,3.940,3.950,3.860,3.850,505.300,505.641,505.982,511.982,517.982,521.400,521.060,6.092,6.132,6.137,6.142,6.147,6.152,6.110
127,1.830,1.830,1.825,1.820,1.815,1.810,1.805,0.699,0.698,0.697,0.696,0.697,0.697,0.696,3.045,3.036,3.019,2.984,2.984,2.984,2.980,18.540,18.995,18.599,18.203,16.850,13.360,13.265,19.630,20.360,19.900,18.130,15.650,13.170,12.185,3.850,3.860,3.850,3.870,3.890,3.800,3.790,507.700,509.050,510.400,515.282,520.163,508.782,507.370,6.176,6.240,6.239,6.238,6.237,6.236,6.190
128,1.825,1.825,1.820,1.820,1.815,1.815,1.815,0.697,0.695,0.690,0.687,0.687,0.685,0.683,2.694,2.614,2.604,2.377,2.350,2.248,2.232,18.990,18.930,18.695,15.945,13.990,12.470,12.410,21.320,21.210,19.065,17.855,16.328,14.800,11.080,3.870,3.840,3.830,3.850,3.870,3.770,3.760,506.000,506.200,506.400,507.946,509.491,496.928,495.410,6.300,6.348,6.350,6.352,6.354,6.356,6.360
129,1.825,1.825,1.820,1.820,1.820,1.820,1.820,0.702,0.699,0.694,0.688,0.688,0.683,0.683,2.738,2.605,2.447,2.289,2.269,2.114,2.108,20.140,19.935,19.150,15.600,14.153,12.705,12.695,23.960,21.700,20.525,17.820,14.990,14.560,14.130,4.270,4.270,4.270,4.300,4.330,4.240,4.230,510.000,511.082,512.164,516.373,520.582,524.382,523.320,5.904,5.924,5.925,5.926,5.927,5.928,5.890
130,1.830,1.830,1.820,1.815,1.810,1.810,1.810,0.700,0.698,0.692,0.692,0.691,0.688,0.688,2.843,2.702,2.667,2.465,2.441,2.333,2.322,18.320,18.345,18.220,16.538,14.855,10.805,10.520,21.480,20.390,19.938,19.485,18.795,18.105,17.850,4.020,4.020,4.020,4.030,4.050,3.950,3.940,509.200,510.028,510.855,514.819,518.782,522.691,521.590,6.024,6.032,6.046,6.060,6.074,6.088,6.040
131,1.825,1.825,1.825,1.820,1.815,1.815,1.815,0.703,0.700,0.699,0.698,0.698,0.698,0.698,3.204,3.057,2.940,2.870,2.869,2.845,2.835,18.500,19.345,19.340,18.350,17.360,15.520,15.040,20.000,19.895,19.790,19.045,18.300,17.960,17.620,3.980,3.980,3.970,3.990,4.010,3.910,3.900,507.700,508.196,508.691,512.664,516.636,507.091,505.420,6.204,6.204,6.217,6.230,6.243,6.256,6.240
132,1.830,1.825,1.820,1.820,1.820,1.820,1.820,0.702,0.701,0.700,0.699,0.699,0.698,0.698,3.318,3.308,3.291,3.266,3.258,3.252,3.248,17.870,19.300,19.025,18.148,17.270,11.955,11.715,20.350,20.195,19.393,18.590,17.698,16.805,10.195,3.870,3.880,3.860,3.890,3.910,3.810,3.800,507.600,508.010,508.419,512.546,516.672,507.782,504.790,6.176,6.204,6.215,6.226,6.237,6.248,6.210
133,1.825,1.825,1.825,1.820,1.815,1.815,1.815,0.698,0.699,0.697,0.695,0.694,0.693,0.693,2.913,2.816,2.808,2.652,2.640,2.564,2.554,19.040,18.935,19.525,18.695,17.865,12.190,12.005,21.000,20.395,20.050,19.705,17.555,15.405,15.000,3.960,3.970,3.960,3.980,4.000,3.900,3.900,509.000,509.410,509.819,513.873,517.927,522.182,521.210,6.064,6.096,6.094,6.092,6.090,6.088,6.070
134,1.825,1.825,1.820,1.820,1.820,1.820,1.820,0.700,0.700,0.699,0.699,0.699,0.698,0.697,2.931,2.930,2.922,2.918,2.911,2.907,2.902,17.360,17.995,18.105,17.935,17.680,15.633,13.585,22.090,20.638,19.185,18.185,15.878,13.570,13.480,3.900,3.910,3.900,3.930,3.960,3.860,3.840,508.600,509.064,509.528,513.664,517.800,519.546,520.920,6.060,6.096,6.102,6.108,6.114,6.120,6.030
135,1.830,1.830,1.825,1.820,1.820,1.820,1.815,0.702,0.702,0.700,0.699,0.698,0.698,0.698,3.300,3.282,3.247,3.204,3.203,3.197,3.189,20.560,19.945,19.565,15.925,13.960,12.270,12.005,20.890,20.730,20.570,19.375,18.223,17.070,15.445,3.910,3.920,3.920,3.930,3.950,3.850,3.840,508.400,508.746,509.091,513.218,517.345,521.637,520.330,6.072,6.104,6.111,6.118,6.125,6.132,6.110
136,1.830,1.830,1.820,1.820,1.815,1.815,1.815,0.701,0.700,0.699,0.698,0.698,0.697,0.697,3.107,3.097,3.089,3.082,3.071,3.065,3.063,19.690,18.960,19.030,15.980,14.968,13.955,13.180,20.400,20.200,19.465,18.800,18.745,18.690,18.650,3.910,3.920,3.910,3.920,3.940,3.850,3.830,508.600,508.855,509.110,513.246,517.382,521.837,520.130,6.076,6.064,6.087,6.110,6.133,6.156,6.110
138,1.830,1.825,1.825,1.820,1.815,1.810,1.810,0.700,0.700,0.699,0.698,0.698,0.697,0.697,3.274,3.168,3.098,3.079,3.060,3.054,3.049,17.930,17.890,16.805,15.720,14.775,14.690,14.070,19.600,20.350,19.995,18.710,16.413,14.115,14.000,3.820,3.830,3.810,3.830,3.840,3.750,3.740,502.700,503.160,503.619,504.301,504.982,493.328,491.530,6.316,6.360,6.372,6.384,6.396,6.408,6.370
139,1.830,1.825,1.820,1.820,1.820,1.815,1.815,0.700,0.694,0.688,0.683,0.681,0.679,0.675,2.905,2.687,2.527,2.254,2.221,2.156,2.090,17.810,18.890,18.335,18.110,17.885,13.540,12.650,24.000,23.430,23.085,19.850,17.768,15.685,11.870,3.960,3.970,3.950,3.980,4.000,3.910,3.890,507.800,508.091,508.382,512.418,516.454,506.273,504.920,6.224,6.228,6.239,6.250,6.261,6.272,6.240
140,1.825,1.825,1.820,1.820,1.820,1.820,1.815,0.703,0.702,0.699,0.697,0.696,0.696,0.695,2.878,2.860,2.799,2.630,2.623,2.599,2.575,18.970,18.930,17.943,16.955,14.575,12.060,11.725,23.000,20.085,19.945,19.805,18.588,17.370,12.605,4.200,4.200,4.200,4.220,4.240,4.140,4.130,510.500,510.632,510.764,514.964,519.163,523.473,521.750,5.884,5.912,5.920,5.928,5.936,5.944,5.900
141,1.830,1.825,1.820,1.820,1.815,1.815,1.815,0.697,0.695,0.690,0.688,0.688,0.687,0.685,2.799,2.702,2.592,2.481,2.465,2.409,2.353,18.750,18.205,16.818,15.430,15.130,13.775,13.420,20.000,19.495,19.108,18.720,18.063,17.405,17.340,3.800,3.810,3.800,3.820,3.840,3.740,3.730,494.900,495.950,497.000,498.037,499.073,487.237,486.300,6.424,6.428,6.438,6.448,6.458,6.468,6.430
142,1.830,1.825,1.825,1.820,1.815,1.815,1.810,0.699,0.699,0.697,0.696,0.696,0.696,0.696,2.949,2.930,2.905,2.810,2.810,2.775,2.763,19.660,18.990,18.700,18.388,18.075,13.265,13.170,21.000,20.455,19.610,18.765,18.215,16.360,16.000,3.920,3.920,3.910,3.920,3.940,3.840,3.830,508.300,508.305,508.310,512.310,516.309,500.764,499.640,6.232,6.272,6.288,6.304,6.320,6.336,6.330
143,1.830,1.830,1.825,1.820,1.820,1.820,1.815,0.702,0.700,0.693,0.685,0.684,0.679,0.677,2.641,2.561,2.492,2.175,2.150,2.035,2.019,18.640,18.615,17.600,16.585,16.480,16.605,16.385,20.300,20.205,19.948,19.690,18.333,16.975,15.680,4.370,4.380,4.380,4.410,4.440,4.340,4.340,511.100,511.078,511.055,515.573,520.091,523.782,522.280,5.820,5.820,5.829,5.838,5.847,5.856,5.820
144,1.825,1.825,1.825,1.820,1.820,1.820,1.815,0.698,0.696,0.685,0.673,0.673,0.672,0.660,2.588,2.473,2.342,1.991,1.948,1.905,1.791,18.850,18.085,18.390,15.885,15.588,15.290,15.290,24.440,21.823,19.205,16.643,14.080,13.018,11.955,4.210,4.210,4.210,4.240,4.270,4.170,4.160,510.200,510.091,509.982,514.382,518.782,522.691,521.370,5.928,5.932,5.943,5.954,5.965,5.976,5.940
145,1.830,1.825,1.825,1.825,1.820,1.820,1.815,0.688,0.687,0.684,0.680,0.675,0.672,0.653,2.469,2.447,2.404,1.978,1.926,1.914,1.753,21.780,20.553,19.325,18.620,17.915,13.920,13.275,21.550,20.700,20.315,19.930,19.045,15.465,11.805,3.940,3.940,3.930,3.960,3.990,3.890,3.870,508.200,508.100,508.000,512.309,516.618,521.255,519.970,6.148,6.168,6.156,6.144,6.132,6.120,6.120
146,1.830,1.830,1.825,1.825,1.820,1.820,1.820,0.697,0.696,0.689,0.687,0.686,0.682,0.682,2.729,2.667,2.632,2.377,2.357,2.202,2.189,19.010,17.890,17.100,16.310,15.828,15.345,15.060,21.000,20.730,20.695,19.770,17.498,15.225,12.735,3.860,3.860,3.850,3.870,3.890,3.790,3.790,504.000,504.055,504.110,505.855,507.600,494.837,494.100,6.304,6.360,6.363,6.366,6.369,6.372,6.350
147,1.825,1.825,1.820,1.820,1.820,1.820,1.820,0.701,0.700,0.699,0.698,0.698,0.698,0.698,2.922,2.922,2.922,2.918,2.913,2.907,2.905,20.020,19.710,19.400,18.670,17.940,13.260,13.185,23.550,18.960,18.440,17.920,16.670,16.135,16.000,3.930,3.930,3.920,3.940,3.960,3.860,3.850,508.600,508.564,508.528,512.791,517.054,521.309,519.260,6.076,6.096,6.103,6.110,6.117,6.124,6.080
148,1.830,1.830,1.825,1.820,1.820,1.820,1.820,0.695,0.693,0.688,0.678,0.676,0.674,0.673,2.588,2.500,2.465,2.120,2.098,1.995,1.987,19.520,18.930,19.275,19.033,18.790,18.745,18.725,21.500,21.000,20.740,18.785,16.555,16.053,15.550,3.900,3.900,3.890,3.910,3.940,3.840,3.830,507.600,507.300,507.000,511.291,515.582,508.909,507.020,6.192,6.216,6.225,6.234,6.243,6.252,6.190
149,1.825,1.825,1.825,1.825,1.825,1.825,1.820,0.699,0.699,0.692,0.692,0.692,0.691,0.689,2.878,2.790,2.782,2.582,2.570,2.492,2.467,17.660,19.660,18.240,17.685,16.365,15.918,15.470,24.000,23.315,20.795,18.005,17.000,16.000,14.935,3.870,3.880,3.870,3.890,3.910,3.810,3.790,507.000,507.264,507.528,509.382,511.236,496.800,495.970,6.284,6.312,6.326,6.340,6.354,6.368,6.320
150,1.825,1.825,1.825,1.820,1.820,1.820,1.820,0.699,0.699,0.693,0.691,0.691,0.691,0.688,2.764,2.734,2.703,2.432,2.393,2.353,2.265,19.760,19.665,19.420,15.190,14.850,14.770,14.570,24.000,23.180,21.395,18.825,17.925,16.830,15.735,4.030,4.030,4.020,4.040,4.050,3.960,3.940,508.100,507.796,507.491,511.591,515.691,515.000,512.120,6.144,6.188,6.202,6.216,6.230,6.244,6.190
151,1.825,1.825,1.820,1.820,1.815,1.815,1.815,0.689,0.688,0.687,0.686,0.686,0.687,0.686,2.817,2.816,2.808,2.789,2.770,2.764,2.756,20.300,20.025,19.750,16.635,18.265,17.878,17.490,24.000,23.780,22.085,20.390,18.965,14.855,11.870,3.630,3.650,3.640,3.650,3.670,3.570,3.560,470.000,471.146,472.291,472.755,473.218,461.800,460.640,6.748,6.724,6.749,6.774,6.799,6.824,6.770
152,1.825,1.825,1.820,1.820,1.820,1.820,1.820,0.695,0.695,0.690,0.688,0.688,0.687,0.685,2.632,2.614,2.606,2.413,2.401,2.325,2.300,22.290,22.185,19.610,17.035,18.225,13.085,16.510,21.500,21.120,20.353,19.585,18.525,16.390,15.150,3.850,3.860,3.850,3.870,3.880,3.790,3.780,507.700,507.260,506.819,510.928,515.036,506.400,505.520,6.180,6.216,6.232,6.248,6.264,6.280,6.220
153,1.830,1.830,1.825,1.820,1.820,1.820,1.815,0.701,0.700,0.699,0.697,0.697,0.696,0.696,2.913,2.878,2.861,2.753,2.746,2.711,2.696,18.850,18.745,16.863,14.980,14.855,14.775,14.620,20.320,20.195,19.453,18.710,16.170,15.640,15.110,3.970,3.960,3.950,3.970,3.990,3.890,3.870,508.800,508.373,507.946,512.028,516.109,520.746,519.010,6.076,6.076,6.088,6.100,6.112,6.124,6.110
154,1.830,1.825,1.825,1.820,1.820,1.820,1.815,0.698,0.696,0.692,0.689,0.689,0.689,0.688,2.764,2.675,2.641,2.410,2.399,2.371,2.368,19.790,19.575,18.565,16.805,15.300,13.010,12.795,23.500,22.930,20.955,19.945,17.353,14.760,13.640,4.010,3.990,3.990,4.010,4.040,3.910,3.900,509.300,508.941,508.582,512.791,517.000,521.037,519.550,5.976,6.060,6.068,6.076,6.084,6.092,6.070
155,1.830,1.825,1.825,1.820,1.820,1.820,1.820,0.699,0.699,0.698,0.698,0.697,0.696,0.695,2.957,2.921,2.905,2.834,2.831,2.828,2.822,18.810,18.660,16.940,16.335,16.300,16.093,15.885,23.380,22.238,21.095,18.820,17.615,17.000,16.000,3.920,3.910,3.890,3.920,3.960,3.820,3.810,507.300,507.350,507.400,510.927,514.454,496.709,495.790,6.228,6.316,6.328,6.340,6.352,6.364,6.340
156,1.825,1.825,1.825,1.820,1.820,1.820,1.815,0.697,0.697,0.695,0.693,0.693,0.692,0.692,2.852,2.807,2.742,2.676,2.691,2.666,2.641,18.760,18.670,17.995,17.320,15.930,15.580,14.855,23.550,21.000,20.175,19.350,19.038,18.725,10.270,3.820,3.840,3.820,3.860,3.890,3.760,3.750,499.200,500.119,501.037,504.991,508.945,491.509,491.010,6.384,6.372,6.391,6.410,6.429,6.448,6.390
157,1.825,1.825,1.825,1.825,1.820,1.820,1.820,0.697,0.696,0.690,0.690,0.690,0.689,0.689,2.764,2.713,2.611,2.509,2.500,2.459,2.450,18.630,18.408,18.185,17.770,17.355,15.085,14.590,21.000,20.805,20.033,19.260,18.565,15.395,13.210,3.800,3.810,3.800,3.830,3.850,3.740,3.730,507.900,507.578,507.255,510.846,514.436,498.037,496.930,6.288,6.316,6.334,6.352,6.370,6.388,6.310
158,1.830,1.830,1.825,1.820,1.820,1.820,1.815,0.704,0.704,0.703,0.702,0.702,0.701,0.701,3.327,3.317,3.309,3.274,3.273,3.270,3.269,17.800,18.020,17.388,16.755,13.865,13.265,13.145,23.500,23.000,22.605,20.270,17.400,14.693,11.985,4.130,4.210,4.190,4.200,4.210,4.110,4.100,511.200,510.973,510.746,514.755,518.763,523.255,521.700,5.828,5.820,5.834,5.848,5.862,5.876,5.790
159,1.830,1.830,1.825,1.820,1.820,1.815,1.815,0.699,0.698,0.693,0.693,0.693,0.692,0.690,2.799,2.773,2.746,2.542,2.517,2.492,2.424,21.300,19.330,18.690,15.995,14.135,14.080,14.025,21.560,20.490,19.645,19.190,18.505,17.820,10.805,3.970,3.970,3.960,3.980,4.000,3.910,3.890,508.100,507.596,507.091,510.764,514.436,503.509,501.280,6.260,6.248,6.255,6.262,6.269,6.276,6.300
162,1.830,1.825,1.825,1.825,1.825,1.825,1.820,0.700,0.696,0.691,0.668,0.666,0.662,0.657,2.641,2.464,2.440,1.929,1.911,1.905,1.740,20.260,19.565,18.870,16.685,16.210,14.900,12.655,21.600,21.020,20.440,20.045,17.725,15.405,13.455,4.170,4.160,4.170,4.190,4.210,4.100,4.110,509.800,509.400,509.000,512.727,516.454,521.528,519.620,5.944,5.968,5.991,6.014,6.037,6.060,6.000
163,1.830,1.825,1.825,1.820,1.820,1.820,1.820,0.702,0.701,0.701,0.700,0.699,0.700,0.699,3.291,3.282,3.256,3.230,3.227,3.221,3.217,18.980,18.850,18.870,17.660,16.450,15.780,15.400,20.820,20.405,20.045,17.885,17.375,16.865,14.590,3.920,3.930,3.910,3.930,3.950,3.850,3.840,508.100,507.650,507.200,510.882,514.563,519.691,515.480,6.120,6.184,6.189,6.194,6.199,6.204,6.170
164,1.825,1.825,1.825,1.825,1.825,1.820,1.820,0.701,0.700,0.698,0.697,0.696,0.695,0.695,2.913,2.869,2.800,2.731,2.684,2.591,2.591,20.600,19.725,18.850,17.853,16.855,14.955,14.880,20.620,20.290,20.130,19.680,18.825,17.215,15.605,3.930,3.940,3.920,3.940,3.970,3.860,3.850,508.300,507.723,507.146,510.937,514.727,520.273,518.860,6.064,6.132,6.141,6.150,6.159,6.168,6.090
165,1.825,1.825,1.825,1.820,1.820,1.820,1.820,0.699,0.699,0.698,0.697,0.697,0.697,0.695,3.045,3.036,3.037,3.033,3.029,3.028,3.025,18.900,18.640,18.635,18.015,17.395,16.085,12.250,19.790,19.550,19.315,19.000,18.000,15.000,11.955,3.880,3.890,3.880,3.900,3.920,3.820,3.810,507.800,507.364,506.928,510.510,514.091,514.437,511.320,6.180,6.192,6.196,6.200,6.204,6.208,6.160
166,1.830,1.825,1.825,1.825,1.820,1.820,1.820,0.698,0.697,0.691,0.681,0.679,0.672,0.671,2.676,2.579,2.516,2.131,2.111,1.912,1.903,19.950,19.830,18.940,17.770,16.600,14.770,14.105,20.060,20.030,20.000,19.725,18.903,18.080,17.400,4.100,4.110,4.160,4.160,4.160,4.060,4.060,509.600,509.364,509.128,512.864,516.600,521.600,519.390,5.956,5.992,6.003,6.014,6.025,6.036,5.940
167,1.825,1.825,1.825,1.820,1.820,1.820,1.820,0.696,0.696,0.693,0.691,0.691,0.689,0.688,2.729,2.675,2.597,2.518,2.517,2.413,2.406,21.680,21.170,19.700,16.415,15.795,15.175,14.685,21.930,21.465,21.000,20.705,19.240,17.775,14.130,3.840,3.850,3.840,3.860,3.880,3.770,3.770,497.500,498.178,498.855,500.355,501.854,488.128,487.010,6.376,6.444,6.449,6.454,6.459,6.464,6.440
168,1.830,1.825,1.825,1.825,1.820,1.820,1.815,0.700,0.699,0.698,0.697,0.698,0.698,0.697,3.300,3.299,3.283,3.274,3.265,3.259,3.252,20.200,20.070,19.885,18.543,17.200,12.775,12.320,21.970,21.435,20.900,18.650,16.763,14.875,12.055,3.830,3.840,3.830,3.850,3.860,3.760,3.750,508.000,507.346,506.691,508.464,510.236,499.164,498.550,6.252,6.300,6.307,6.314,6.321,6.328,6.320
170,1.825,1.825,1.825,1.820,1.820,1.820,1.820,0.697,0.696,0.690,0.688,0.687,0.685,0.684,2.703,2.614,2.597,2.393,2.328,2.263,2.242,18.480,18.225,17.350,16.475,15.495,15.365,14.410,21.000,20.500,20.243,19.985,19.133,18.280,16.090,3.960,3.970,3.970,3.990,4.010,3.890,3.880,508.800,508.210,507.619,511.410,515.200,520.473,517.720,6.056,6.064,6.075,6.086,6.097,6.108,6.060
171,1.830,1.825,1.825,1.820,1.820,1.820,1.820,0.697,0.697,0.690,0.689,0.689,0.689,0.686,2.720,2.711,2.682,2.474,2.473,2.388,2.336,19.700,18.935,17.193,15.450,15.115,14.970,14.825,20.870,20.575,20.265,19.565,19.223,18.880,17.815,3.880,3.900,3.880,3.900,3.920,3.810,3.800,506.700,506.714,506.728,509.855,512.982,497.273,496.550,6.316,6.300,6.327,6.354,6.381,6.408,6.320
172,1.830,1.825,1.825,1.825,1.825,1.825,1.825,0.701,0.700,0.700,0.699,0.699,0.699,0.698,3.318,3.308,3.283,3.279,3.262,3.253,3.243,18.690,18.815,17.585,16.355,15.955,14.278,12.600,21.000,20.545,19.488,18.430,17.510,16.590,11.640,3.860,3.870,3.870,3.890,3.910,3.800,3.790,508.000,505.900,503.800,508.618,513.436,513.400,510.950,6.136,6.180,6.198,6.216,6.234,6.252,6.190
173,1.830,1.830,1.825,1.820,1.820,1.820,1.820,0.699,0.698,0.697,0.696,0.696,0.696,0.695,2.887,2.886,2.870,2.855,2.840,2.834,2.829,18.200,18.045,17.253,16.460,15.905,13.680,13.315,23.090,21.495,20.735,19.975,18.230,16.775,16.000,3.870,3.890,3.880,3.840,3.800,3.800,3.790,507.900,507.305,506.710,502.355,498.000,499.473,498.880,6.256,6.276,6.290,6.304,6.318,6.332,6.320
174,1.830,1.825,1.825,1.825,1.820,1.820,1.820,0.695,0.693,0.687,0.681,0.681,0.675,0.672,2.571,2.491,2.420,2.219,2.168,2.061,2.004,21.810,19.330,18.735,17.075,16.770,16.220,15.700,20.810,20.293,19.775,19.770,19.240,18.710,14.300,3.990,3.990,3.980,4.070,4.160,3.910,3.910,507.600,506.982,506.364,511.209,516.054,503.928,503.280,6.212,6.272,6.277,6.282,6.287,6.292,6.280
175,1.825,1.830,1.825,1.825,1.825,1.825,1.820,0.698,0.698,0.697,0.696,0.696,0.696,0.693,2.887,2.874,2.861,2.764,2.752,2.740,2.739,18.700,18.665,17.493,16.320,15.983,15.645,15.065,20.250,19.743,19.235,18.870,18.003,17.135,11.815,3.870,3.900,3.870,3.920,3.960,3.810,3.800,507.500,506.796,506.091,510.155,514.218,511.728,510.500,6.168,6.132,6.164,6.196,6.228,6.260,6.210
176,1.825,1.825,1.820,1.820,1.820,1.820,1.815,0.701,0.700,0.700,0.699,0.698,0.697,0.697,2.975,2.958,2.940,2.863,2.854,2.845,2.845,19.530,19.430,19.340,18.980,18.620,15.645,15.350,21.310,21.155,20.405,19.815,17.995,16.175,13.515,3.900,3.900,3.890,3.940,3.990,3.830,3.810,508.100,507.350,506.600,509.773,512.945,501.164,499.570,6.268,6.320,6.324,6.328,6.332,6.336,6.320
177,1.825,1.825,1.820,1.820,1.820,1.820,1.820,0.701,0.700,0.700,0.699,0.699,0.697,0.696,3.300,3.291,3.256,3.230,3.221,3.215,3.212,21.480,19.050,18.605,18.160,17.760,16.810,16.295,19.590,18.088,16.585,16.488,16.390,15.543,14.695,3.850,3.860,3.850,3.870,3.900,3.780,3.770,507.500,506.760,506.019,509.637,513.254,509.218,507.770,6.156,6.160,6.183,6.206,6.229,6.252,6.230
178,1.825,1.825,1.825,1.820,1.820,1.820,1.820,0.702,0.701,0.700,0.699,0.700,0.700,0.700,3.388,3.379,3.379,3.371,3.370,3.368,3.368,18.580,18.580,18.340,18.333,18.325,16.185,16.040,21.520,21.210,19.398,17.585,16.410,15.235,13.475,3.910,3.920,3.900,3.920,3.940,3.840,3.830,508.200,507.391,506.582,510.000,513.418,519.673,517.240,6.112,6.156,6.159,6.162,6.165,6.168,6.160
179,1.825,1.825,1.825,1.825,1.825,1.820,1.820,0.696,0.696,0.695,0.695,0.694,0.694,0.693,2.667,2.649,2.641,2.597,2.594,2.591,2.589,18.900,18.690,18.480,17.355,17.210,17.065,15.310,20.510,20.323,20.135,19.905,19.878,19.850,10.175,3.800,3.810,3.800,3.830,3.850,3.750,3.740,496.300,497.096,497.891,500.000,502.109,489.164,488.810,6.388,6.444,6.453,6.462,6.471,6.480,6.420
180,1.825,1.825,1.825,1.825,1.825,1.825,1.825,0.701,0.700,0.698,0.696,0.696,0.696,0.697,3.019,2.965,2.957,2.887,2.886,2.874,2.868,20.610,18.950,17.720,16.485,15.335,14.185,13.855,20.410,20.330,19.820,19.310,17.315,15.320,12.705,3.930,3.930,3.930,3.940,3.960,3.860,3.850,508.600,507.719,506.837,510.246,513.654,519.618,517.240,6.120,6.136,6.147,6.158,6.169,6.180,6.160
181,1.825,1.825,1.825,1.825,1.820,1.820,1.820,0.701,0.699,0.695,0.694,0.693,0.693,0.693,2.837,2.754,2.647,2.540,2.537,2.515,2.492,20.510,20.240,18.455,16.670,15.700,13.915,15.305,24.000,23.945,22.155,20.365,16.315,14.185,12.055,4.050,4.040,4.060,4.090,4.110,3.980,3.970,507.600,506.837,506.073,509.418,512.763,510.146,508.950,6.184,6.216,6.223,6.230,6.237,6.244,6.220
183,1.830,1.830,1.830,1.815,1.815,1.810,1.805,0.696,0.696,0.695,0.693,0.693,0.693,0.692,2.870,2.860,2.852,2.830,2.807,2.801,2.801,19.580,18.410,17.470,16.525,15.775,14.165,13.740,21.910,19.610,19.050,17.410,15.770,12.893,10.015,3.640,3.660,3.700,3.700,3.710,3.580,3.570,490.000,489.991,489.982,490.455,490.927,474.582,473.280,6.596,6.596,6.610,6.624,6.638,6.652,6.600
184,1.825,1.825,1.820,1.820,1.820,1.820,1.815,0.701,0.700,0.698,0.696,0.695,0.695,0.695,3.414,3.241,2.861,2.729,2.719,2.705,2.694,18.730,19.055,17.660,16.260,15.490,15.100,14.745,24.000,23.690,21.878,20.065,18.385,16.705,16.000,3.900,3.920,3.890,3.910,3.930,3.840,3.830,507.700,508.014,508.328,511.773,515.218,499.346,498.240,6.256,6.328,6.336,6.344,6.352,6.360,6.330
185,1.830,1.825,1.820,1.820,1.820,1.820,1.815,0.699,0.697,0.691,0.691,0.690,0.689,0.688,2.878,2.746,2.633,2.520,2.506,2.485,2.395,20.770,18.850,17.645,16.435,15.745,14.390,14.240,20.500,20.315,20.120,19.925,19.510,19.095,18.685,3.870,3.870,3.860,3.880,3.890,3.800,3.780,505.400,506.073,506.746,507.673,508.600,495.128,494.520,6.280,6.348,6.355,6.362,6.369,6.376,6.350
186,1.825,1.825,1.825,1.825,1.825,1.820,1.820,0.699,0.699,0.697,0.695,0.695,0.695,0.693,2.922,2.913,2.852,2.731,2.714,2.696,2.694,18.820,18.515,18.035,17.365,17.120,16.138,15.155,20.020,19.893,19.765,19.755,18.580,17.405,17.000,3.910,3.920,3.910,3.930,3.940,3.850,3.840,508.200,508.037,507.873,511.628,515.382,500.073,499.100,6.300,6.296,6.314,6.332,6.350,6.368,6.320
187,1.830,1.825,1.825,1.825,1.825,1.825,1.825,0.693,0.686,0.678,0.668,0.665,0.659,0.656,2.509,2.289,2.156,1.920,1.909,1.740,1.740,19.130,18.885,17.968,17.050,16.915,16.885,16.330,21.000,20.640,20.500,20.360,19.675,18.835,12.005,3.890,3.900,3.900,3.910,3.920,3.820,3.810,507.900,507.632,507.364,512.064,516.763,502.455,501.040,6.268,6.288,6.300,6.312,6.324,6.336,6.290
188,1.830,1.830,1.820,1.820,1.820,1.820,1.810,0.700,0.698,0.697,0.696,0.695,0.694,0.694,2.852,2.790,2.717,2.643,2.640,2.591,2.589,19.820,19.210,18.985,18.760,17.835,15.755,15.440,22.840,20.775,20.343,19.910,19.410,16.330,14.110,3.990,3.990,3.990,4.000,4.010,3.930,3.910,507.500,507.278,507.055,511.609,516.163,508.818,506.770,6.160,6.244,6.256,6.268,6.280,6.292,6.240
189,1.825,1.825,1.820,1.820,1.820,1.820,1.820,0.696,0.694,0.687,0.684,0.683,0.683,0.682,2.659,2.535,2.518,2.254,2.247,2.239,2.195,19.340,18.965,18.185,15.125,15.125,15.125,14.500,22.680,20.495,19.640,19.490,18.218,16.945,14.090,3.890,3.910,3.920,3.920,3.930,3.830,3.820,507.500,507.478,507.455,511.746,516.036,511.600,508.420,6.172,6.196,6.212,6.228,6.244,6.260,6.230
190,1.830,1.825,1.820,1.820,1.820,1.820,1.815,0.701,0.699,0.697,0.697,0.697,0.696,0.696,3.423,3.188,2.931,2.863,2.858,2.852,2.849,19.160,18.215,18.030,17.540,17.125,16.710,15.010,20.940,20.735,19.818,18.900,17.413,15.925,11.580,3.860,3.880,3.880,3.890,3.900,3.800,3.800,508.200,507.755,507.310,510.546,513.782,497.728,496.720,6.284,6.300,6.324,6.348,6.372,6.396,6.340
191,1.825,1.825,1.825,1.825,1.820,1.820,1.820,0.698,0.698,0.697,0.695,0.694,0.693,0.693,2.817,2.798,2.782,2.674,2.650,2.626,2.623,18.900,18.375,16.805,15.235,14.470,14.355,14.020,24.230,21.190,19.570,17.950,17.125,16.293,15.460,3.840,3.860,3.860,3.860,3.870,3.780,3.770,507.700,507.287,506.873,510.982,515.091,506.618,505.080,6.204,6.224,6.241,6.258,6.275,6.292,6.240
192,1.825,1.825,1.820,1.820,1.820,1.820,1.820,0.703,0.703,0.700,0.698,0.698,0.698,0.697,3.001,2.878,2.843,2.683,2.673,2.663,2.661,19.310,19.320,19.330,18.760,17.505,15.935,16.410,22.290,20.915,20.535,18.700,17.963,17.225,14.720,4.200,4.200,4.200,4.220,4.230,4.130,4.130,509.900,509.469,509.037,513.500,517.963,522.782,519.930,5.932,5.980,5.993,6.006,6.019,6.032,6.000
193,1.825,1.825,1.825,1.825,1.825,1.825,1.825,0.694,0.690,0.684,0.682,0.679,0.675,0.674,2.553,2.377,2.351,2.193,2.034,1.861,1.852,18.480,19.060,18.845,18.705,18.560,18.415,16.305,20.680,20.665,19.788,18.910,14.120,13.265,12.410,3.850,3.870,3.860,3.880,3.890,3.790,3.780,506.600,506.828,507.055,508.491,509.927,496.800,495.260,6.292,6.352,6.366,6.380,6.394,6.408,6.370
194,1.830,1.830,1.825,1.825,1.825,1.825,1.825,0.696,0.692,0.687,0.684,0.682,0.681,0.681,2.659,2.552,2.465,2.173,2.166,2.162,2.125,17.800,19.170,18.770,18.635,18.420,18.020,18.005,21.000,20.635,19.795,17.128,14.460,12.918,11.375,3.890,3.900,3.890,3.910,3.920,3.830,3.820,507.600,507.000,506.400,510.627,514.854,506.746,504.660,6.184,6.208,6.224,6.240,6.256,6.272,6.240
195,1.825,1.825,1.825,1.825,1.825,1.825,1.825,0.700,0.698,0.697,0.695,0.695,0.695,0.694,3.283,3.083,2.931,2.870,2.869,2.863,2.860,18.450,17.670,16.285,14.900,14.515,13.750,12.270,22.000,21.650,20.553,19.455,18.875,18.295,13.895,3.830,3.850,3.830,3.840,3.860,3.770,3.750,507.900,507.260,506.619,510.664,514.709,503.546,501.520,6.216,6.268,6.282,6.296,6.310,6.324,6.250
197,1.825,1.825,1.820,1.820,1.820,1.820,1.815,0.701,0.699,0.698,0.697,0.697,0.697,0.697,2.984,2.948,2.913,2.878,2.878,2.865,2.852,19.900,19.750,19.725,17.830,15.935,15.695,15.045,23.410,20.355,19.073,17.790,17.075,16.360,16.000,3.920,3.930,3.920,3.940,3.960,3.860,3.850,508.000,509.737,511.473,515.337,519.200,505.218,503.370,6.232,6.252,6.267,6.282,6.297,6.312,6.310
198,1.825,1.825,1.820,1.820,1.820,1.820,1.820,0.703,0.701,0.697,0.697,0.697,0.697,0.696,2.931,2.886,2.878,2.764,2.764,2.725,2.711,20.250,20.020,19.495,18.575,18.455,17.680,17.745,22.000,21.645,21.195,20.520,20.210,19.820,19.430,4.120,4.130,4.120,4.130,4.140,4.080,4.090,510.500,512.050,513.600,517.446,521.291,523.800,524.720,5.900,5.924,5.921,5.918,5.915,5.912,5.890
199,1.825,1.825,1.820,1.820,1.820,1.820,1.820,0.702,0.697,0.692,0.690,0.690,0.689,0.689,2.738,2.646,2.553,2.316,2.310,2.303,2.263,18.610,18.140,18.125,16.900,16.495,16.345,16.200,23.450,21.560,19.670,19.210,18.110,16.900,14.730,4.270,4.300,4.290,4.340,4.310,4.220,4.230,510.900,512.460,514.019,517.528,521.036,523.764,524.390,5.840,5.840,5.858,5.876,5.894,5.912,5.860
200,1.825,1.825,1.825,1.825,1.825,1.825,1.825,0.701,0.700,0.699,0.699,0.698,0.698,0.698,3.019,3.015,3.010,3.001,3.001,3.001,3.000,18.950,19.230,19.940,15.955,15.680,15.405,14.445,24.100,23.000,22.000,19.150,17.890,16.650,14.480,3.970,3.980,3.980,4.020,3.990,3.900,3.910,509.200,510.619,512.037,515.610,519.182,521.618,522.260,6.044,6.052,6.058,6.064,6.070,6.076,6.040
