index,Ukn1_0,Ukn1_385,Ukn1_2466,Ukn1_3533,Ukn1_4110,Ukn1_6730,Ukn2_0,Ukn2_385,Ukn2_2466,Ukn2_3533,Ukn2_4110,Ukn2_6730,Ubn_0,Ubn_385,Ubn_2466,Ubn_3533,Ubn_4110,Ubn_6730,Bst_0,Bst_385,Bst_2466,Bst_3533,Bst_4110,Bst_6730,Uke_0,Uke_385,Uke_2466,Uke_3533,Uke_4110,Uke_6730
1,0.1427,0.1485,0.1542,0.1531,0.152,0.1472,3.065,3.0253,3.0253,2.8958,2.7663,2.6553,2.159,2.16,2.161,2.164,2.167,2.163,-33.36,-32.96,-33.31,-33.25,-33.28,-33.45,154.4,153.2,153.5,153.2,152.7,153.3
2,0.1437,0.149,0.1542,0.1531,0.152,0.1472,3.08,3.0823,3.0823,2.9453,2.8083,2.6833,2.155,2.16,2.158,2.162,2.166,2.163,-33.8,-33.55,-33.8,-33.71,-33.82,-33.95,154.4,153.7,153.7,153.6,153.4,153.6
3,0.1731,0.1747,0.1762,0.1761,0.176,0.1742,3.091,3.0923,3.0923,2.9443,2.7963,2.6823,2.169,2.17,2.168,2.172,2.176,2.177,-33.22,-32.88,-33.21,-33.15,-33.27,-33.45,153.1,152.6,152.8,152.6,152.6,152.8
4,0.1624,0.1663,0.1702,0.1691,0.168,0.1662,3.075,3.1363,3.1363,2.9553,2.7743,2.6623,2.165,2.16,2.163,2.167,2.171,2.167,-32.67,-32.32,-32.67,-32.67,-32.73,-32.85,152.5,151.7,151.7,151.7,151.4.151
5,0.1448,0.15,0.1552,0.1526,0.15,0.1472,3.058,3.0623,3.1403,2.9533,2.7663,2.6563,2.156,2.156,2.161,2.167,2.173,2.166,-34.36,-33.99,-34.28,-34.4,-34.43,-34.65,151.8,151.2,151.1,151.4,151.1,151.2
6,0.1309,0.1341,0.1372,0.1351,0.133,0.1312,3.056,3.0533,3.0893,2.9203,2.7513,2.6403,2.172,2.17,2.172,2.1755,2.179,2.176,-33.34,-32.89,-33.32,-33.26,-33.36,-33.55,153.5,152.4,152.6,152.3,152.1,152.4
7,0.1423,0.1473,0.1522,0.1521,0.152,0.1482,3.038,3.0513,3.0943,2.9558,2.8173,2.6933,2.161,2.162,2.18,2.1915,2.1948,2.198,-33.28,-32.83,-33.28,-33.2,-33.23,-33.45.155,153.9.154,153.9,153.9,153.8
8,0.1476,0.1514,0.1552,0.1551,0.155,0.1492,3.046,3.0393,3.0133,2.8763,2.7393,2.6203,2.164,2.162,2.169,2.17,2.171,2.168,-33.91,-33.48,-33.93,-33.84,-33.94,-34.15,152.4,151.2,151.6,151.3,151.7,151.5
9,0.1561,0.1597,0.1632,0.1626,0.162,0.1562,3.053,3.0713,3.0243,2.8838,2.7433,2.6373,2.167,2.17,2.168,2.171,2.174,2.172,-32.99,-32.64,-33.1,-32.99.-33,-33.15,152.6,151.6,151.9,151.6,151.9,151.6
10,0.1556,0.1589,0.1622,0.1616,0.161,0.1562,3.077,3.0883,3.0733,2.9278,2.7823,2.6723,2.166,2.167,2.172,2.1735,2.175,2.175,-34.32,-33.91,-34.39,-34.28,-34.37,-34.55,152.5,151.6,151.5,151.8,151.5,151.7
11,0.1459,0.1501,0.1542,0.1526,0.151,0.1482,3.057,3.0593,3.0413,2.8968,2.7523,2.6473,2.168,2.171,2.174,2.175,2.176,2.174,-33.12,-32.73,-33.2,-33.09,-33.17,-33.35,155.6.155,154.7.155,154.9,154.9
12,0.1589,0.1621,0.1652,0.1636,0.162,0.1632,3.136,3.1363,3.1233,2.9773,2.8313,2.7273,2.161,2.166,2.166,2.171,2.176,2.169,-33.46,-33.05,-33.51,-33.4,-33.5,-33.75,155.3,154.5,154.6,154.5,154.4,154.6
13,0.2108,0.2145,0.2182,0.2181,0.218,0.2182,3.14,3.1343,3.1233,2.9808,2.8383,2.7273,2.171,2.17,2.172,2.173,2.174,2.175,-34.04,-33.64,-34.09,-34.01,-34.14,-34.35,154.7.153,153.7,153.7,153.4,153.6
14,0.1546,0.1584,0.1622,0.1616,0.161,0.1612,3.056,3.0603,3.0493,2.9033,2.7573,2.6483,2.165,2.167,2.168,2.1705,2.173,2.169,-32.41,-32.06,-32.48,-32.39,-32.45,-32.65,151.2,149.9.150,149.7,149.6,150.2
15,0.166,0.1696,0.1732,0.1731,0.173,0.1712,3.106,3.1053,3.1013,2.9568,2.8123,2.7043,2.172,2.171,2.174,2.1765,2.179,2.175,-33.02,-32.74,-33.14,-33.05,-33.09,-33.25,155.8,154.8,154.9,154.8,154.7,154.8
16,0.1364,0.1418,0.1472,0.1436,0.14,0.1422,3.022,3.0333,3.0313,2.8788,2.7263,2.6183,2.161,2.163,2.163,2.168,2.173,2.166,-35.18,-34.81,-35.2,-35.16,-35.25,-35.45,146.7,145.3.146,145.7,145.8,145.9
17,0.1449,0.1491,0.1532,0.1526,0.152,0.1462,3.064,3.0633,3.0603,2.9183,2.7763,2.6653,2.162,2.162,2.164,2.167,2.17,2.169,-32.69,-32.27,-32.65,-32.57,-32.66,-32.85,154.3,153.4,153.6,153.7,153.5,153.5
18,0.1394,0.1423,0.1452,0.1471,0.149,0.1462,3.051,3.0513,3.0453,2.8968,2.7483,2.6393,2.154,2.154,2.16,2.1625,2.165,2.162,-33.5,-33.09,-33.49,-33.44,-33.2,-33.45,152.9,152.4,152.7,152.6,152.9,152.8
19,0.1374,0.1433,0.1492,0.1431,0.137,0.1402,3.012,3.0133,2.9943,2.8503,2.7063,2.6003,2.151,2.153,2.155,2.158,2.161,2.157,-32.85,-32.43,-32.86,-32.78,-32.84,-33.05,155.5,154.4,154.4,154.6,154.4,154.4
20,0.1495,0.1534,0.1572,0.1561,0.155,0.1542,3.074,3.0773,3.0663,2.9233,2.7803,2.6673,2.16,2.163,2.163,2.1665,2.17,2.167,-33.84,-33.43,-33.86,-33.76,-33.85,-34.05,154.8,154.2.154,153.9,154.2,154.1
21,0.1555,0.1594,0.1632,0.1626,0.162,0.1632,3.048,3.0493,3.0353,2.8918,2.7483,2.6373,2.154,2.157,2.16,2.1615,2.163,2.161,-32.44,-32.04,-32.46,-32.36,-32.41,-32.65,151.8.151.151,150.3,151.1.151
22,0.196,0.1991,0.2022,0.2026,0.203,0.2022,3.082,3.0963,3.1093,2.9613,2.8133,2.6873,2.164,2.166,2.164,2.167,2.17,2.166,-32.89,-32.43,-32.85,-32.8,-32.84,-33.05,154.5,153.6,153.6,153.3,153.4,153.5
23,0.1805,0.1849,0.1892,2.5986,5.008,4.5392,3.128,3.1503,3.1413,6.8283,10.5153,0.0053,2.166,2.174,2.173,1.886,1.599.0,-32.99,-32.52,-32.91,-32.85,-5.48,0.25,155.9,154.6,154.7,154.9,5.65,-0.5
24,0.1278,0.1285,0.1292,0.1296,0.13,0.1252,3.01,3.0053,3.0023,2.8568,2.7113,2.5983,2.158,2.158,2.158,2.161,2.164,2.158,-34.14,-33.78,-34.2,-34.13,-34.22,-34.35.153,152.2,152.3,152.3,152.4,152.3
25,0.1634,0.1673,0.1712,0.1706,0.17,0.1702,3.083,3.0903,3.0723,2.9273,2.7823,2.6763,2.18,2.179,2.166,2.1715,2.177,2.174,-33.75,-33.33,-33.76,-33.86,-33.75,-33.95.154,153.2,153.3,153.2,153.4,153.3
26,0.2201,0.2242,0.2282,0.2266,0.225,0.2242,3.086,3.1073,3.0853,2.9418,2.7983,2.6813,2.183,2.186,2.17,2.1755,2.181,2.175,-33.19,-32.77,-33.21,-33.28,-33.26,-33.45,156.9,155.8,155.7,155.8,155.7,155.7
27,0.1454,0.1513,0.1572,0.1566,0.156,0.1512,3.106,3.1773,3.2233,3.0683,2.9133,2.7333,2.17,2.171,2.175,2.176,2.177,2.175,-33.22,-32.8,-33.2,-33.31,-33.25,-33.55,155.3,154.4,154.3,154.1,154.1,153.9
28,0.1483,0.1523,0.1562,0.1551,0.154,0.1512,3.079,3.0853,3.0743,2.9258,2.7773,2.6663,2.159,2.161,2.162,2.164,2.166,2.167,-33.91,-33.55,-33.95,-33.99,-33.88,-34.05,153.4,152.8,152.9.152,152.9,152.7
29,0.2586,0.2619,0.2652,0.2646,0.264,0.2662,3.208,3.2153,3.2273,3.0778,2.9283,2.8113,2.171,2.167,2.171,2.1765,2.182,2.179,-33.11,-32.77,-33.15,-33.2,-33.14,-33.35,154.9,153.8.154,153.7.154,153.8
30,0.1518,0.156,0.1602,0.1586,0.157,0.1572,3.068,3.0593,3.0553,2.9118,2.7683,2.6583,2.162,2.161,2.169,2.1725,2.176,2.172,-34.32,-33.9,-34.32,-34.39,-34.35,-34.55,154.4,153.1,153.5,153.3,153.3,153.4
31,0.1768,0.1805,0.1842,0.1821,0.18,0.1782,3.108,3.1033,3.1203,2.9623,2.8043,2.7163,2.144,2.142,2.148,2.1505,2.153,2.155,-34.02,-33.7,-34.05,-34.16,-34.1,-34.35,154.4,153.2,153.4,153.2.153,153.4
32,0.152,0.1566,0.1612,0.1606,0.16,0.1562,3.053,3.0473,3.0643,2.9083,2.7523,2.6363,2.15,2.146,2.152,2.155,2.158,2.153,-33.76,-33.37,-33.77,-33.83,-33.74,-33.95,153.8,153.1,153.2,152.9,153.2,153.2
33,0.1625,0.1669,0.1712,0.1696,0.168,0.1672,3.105,3.1223,3.0983,2.9573,2.8163,2.7023,2.147,2.149,2.155,2.157,2.159,2.152,-34.52,-33.64.-34,-33.98,-33.96,-34.15,153.3,153.6,153.5,153.6,153.5,153.5
34,0.1484,0.1533,0.1582,0.1551,0.152,0.1542,3.054,3.0613,3.0543,2.9038,2.7533,2.6403,2.154,2.15,2.143,2.146,2.149,2.146,-34.03,-33.57,-33.93.-34.-34,-34.25.155,154.1,154.1,153.9.154.154
35,0.0973,0.1018,0.1062,0.1061,0.106,0.1042,2.988,2.9833,2.9913,2.8368,2.6823,2.5673,2.143,2.143,2.145,2.1495,2.154,2.148,-33.05,-32.67,-33.05,-33.11,-33.02,-33.25.155,154.1,153.9,154.2.154.154
36,0.1672,0.1692,0.1712,0.1711,0.171,0.1682,3.048,3.0553,3.0753,2.9168,2.7583,2.6393,2.139,2.14,2.146,2.1475,2.149,2.146,-31.93,-31.56,-31.95,-31.99,-31.93,-32.15,156.8,155.6,155.9,156.1,155.2,155.8
37,0.1455,0.1499,0.1542,0.1536,0.153,0.1532,3.029,3.0373,2.9973,2.8683,2.7393,2.6183,2.143,2.14,2.147,2.1495,2.152,2.146,-33.55,-33.12,-33.62,-33.61,-33.54,-33.75,152.6,151.8,151.8,151.9,151.7,151.6
38,0.1487,0.1535,0.1582,0.1586,0.159,0.1512,3.015,3.0183,2.9883,2.8518,2.7153,2.6023,2.137,2.139,2.136,2.138,2.14,2.14,-34.1,-33.75,-34.21,-34.21,-34.17,-34.35,152.7,151.9,152.1,151.9,151.9.152
39,0.1567,0.161,0.1652,0.1651,0.165,0.1642,3.046,3.0533,3.0243,2.8888,2.7533,2.6373,2.133,2.1355,2.138,2.1415,2.145,2.139,-33.65,-33.17,-33.63,-33.63,-33.62,-33.85,155.2,154.1,154.4.154,154.4,154.3
40,0.1515,0.1559,0.1602,0.1586,0.157,0.1572,3.017,3.0423,3.0213,2.8758,2.7303,2.6163,2.16,2.159,2.153,2.1545,2.156,2.154,-33.07,-32.62,-33.03,-33.03,-33.03,-33.25.154,152.8,152.8.153.153,152.6
41,0.1531,0.1577,0.1622,0.1611,0.16,0.1552,3.02,3.0243,3.0263,2.8743,2.7223,2.6063,2.132,2.137,2.141,2.1435,2.146,2.14,-34.07,-33.74,-34.15,-34.16,-34.17,-34.35,153.6,152.5.153,152.5,152.7,152.7
42,0.1215,0.1229,0.1242,0.1251,0.126,0.1252,3.044,3.0473,3.0533,2.9138,2.7743,2.6623,2.139,2.139,2.146,2.149,2.152,2.146,-33.04,-32.56,-32.95,-32.95,-32.93,-33.15,156.1,155.2.155,154.9,155.1.155
43,0.1426,0.1464,0.1502,0.1486,0.147,0.1462,3.021,3.0413,3.0543,2.8983,2.7423,2.6203,2.111,2.109,2.118,2.1195,2.121,2.118,-33.33,-32.84,-33.23,-33.23,-33.23,-33.45,154.3,153.7,153.9,153.6,153.9,153.7
44,0.1742,0.1767,0.1792,0.1786,0.178,0.1762,3.063,3.0633,3.0723,2.9168,2.7613,2.6533,2.153,2.151,2.155,2.1575,2.16,2.156,-33.1,-32.73,-33.12,-33.1,-33.11,-33.25,156.1,155.2.155,155.1,155.1,154.9
45,0.1495,0.1544,0.1592,0.1596,0.16,0.1562,3.017,3.0313,3.0533,2.9093,2.7653,2.6183,2.109,2.105,2.113,2.1155,2.118,2.113.-34,-33.57,-33.89,-33.87,-33.97,-34.25,154.5,153.5,153.6,153.3.153,153.3
46,0.1638,0.168,0.1722,0.1706,0.169,0.1682,3.034,3.0423,3.0563,2.8988,2.7413,2.6203,2.128,2.128,2.129,2.132,2.135,2.13,-34.17,-33.75,-34.11,-34.11,-34.2,-34.45,154.8,153.7.154.154,153.8,153.2
47,0.1356,0.1389,0.1422,0.1396,0.137,0.1332,1.044,3.0763,3.0803,2.9303,2.7803,2.6603,2.163,2.166,2.169,2.173,2.177,2.171,-33.3,-32.93,-33.26,-33.24,-33.29,-33.45,153.7,152.9,152.9,152.7,152.7,152.7
48,0.115,0.1186,0.1222,0.1206,0.119,0.1172,3.04,3.0393,3.0603,2.9003,2.7403,2.6203,2.169,2.1685,2.168,2.1705,2.173,2.171,-33.27,-32.88,-33.24,-33.26,-33.3,-33.45,154.8,153.9,153.9,154.1,154.1.154
49,0.1572,0.1602,0.1632,0.1636,0.164,0.1632,3.057,3.0573,3.0933,2.9278,2.7623,2.6513,2.149,2.1515,2.154,2.1585,2.163,2.158,-34.72,-34.33,-34.69,-34.71,-34.76,-34.95,153.2,152.3.152,152.4,152.3,152.2
50,0.1262,0.1287,0.1312,0.1301,0.129,0.1272,2.995,2.9943,3.0263,2.8588,2.6913,2.5903,2.146,2.1515,2.157,2.155,2.153,2.151,-35.23,-34.77,-35.11,-35.16,-35.22,-35.45,150.6,149.5,149.6,149.7,149.7,149.6
51,0.1327,0.1354,0.138,0.1371,0.133,0.1302,3.06,3.0673,3.1113,2.9423,2.7733,2.6583,2.155,2.1565,2.158,2.1625,2.167,2.164,-33.25,-32.83,-33.17,-33.16,-33.19,-33.45,156.3,155.4,155.5,155.2,155.4,155.3
52,0.18,0.1836,0.1872,0.1866,0.186,0.1842,3.12,3.1203,3.1483,2.9853,2.8223,2.7123,2.147,2.151,2.155,2.157,2.159,2.158,-34.86,-34.46,-34.8,-34.8,-34.86,-35.15,153.2,152.1,151.9.152.152,152.1
53,0.1957,0.1995,0.2032,0.2026,0.202,0.2022,3.111,3.1053,3.1193,2.9653,2.8113,2.7083,2.153,2.1555,2.158,2.161,2.164,2.17,-34.74,-34.37,-34.81,-34.72,-34.73,-34.95,153.6,152.4,152.3,152.4,152.7,152.5
54,0.2212,0.2257,0.2302,0.2296,0.229,0.2282,3.175,3.1783,3.1533,3.0203,2.8873,2.7743,2.16,2.163,2.166,2.1705,2.175,2.174,-33.9,-33.5,-33.95,-33.87,-33.9,-34.15.155,154.2,154.2,154.2,154.4,154.4
55,0.1506,0.1549,0.1592,0.1581,0.157,0.1552,2.994,3.0993,2.9153,2.7998,2.6843,2.5863,2.162,2.1605,2.159,2.162,2.165,2.167,-33.86,-33.5.-34,-33.88,-33.87,-34.15,153.8,152.9.153,153.2,152.9,153.2
56,0.1505,0.1564,0.1622,0.1596,0.157,0.1562,3.016,3.0153,2.9653,2.8428,2.7203,2.6113,2.159,2.16,2.161,2.164,2.167,2.162,-32.65,-32.26,-32.69,-32.63,-32.61,-32.75.155,154.6,154.8,154.8,154.6,154.6
57,0.1855,0.1899,0.1942,0.1936,0.193,0.1912,3.054,3.0553,3.0293,2.8913,2.7533,2.6423,2.156,2.16,2.164,2.166,2.168,2.163,-32.68,-32.23,-32.66,-32.61,-32.59,-32.85.155,154.2,154.2.154,154.1,154.3
59,0.1486,0.1534,0.1582,0.1571,0.156,0.1532,3.034,3.0363,3.0483,2.8913,2.7343,2.6193,2.137,2.139,2.141,2.145,2.149,2.146,-33.56,-33.14,-33.47,-33.46,-33.49,-33.75,154.2,153.7,153.8,153.8,153.8,153.5
60,0.1441,0.1472,0.1502,0.1491,0.148,0.1492,3.01,3.0023,3.0243,2.8653,2.7063,2.5963,2.166,2.167,2.168,2.172,2.176,2.172,-33.51,-33.06,-33.4,-33.42,-33.45,-33.65,154.8,153.7,153.8,153.8,153.9,153.6
61,0.1639,0.1676,0.1712,0.1711,0.171,0.1682,3.069,3.0683,3.0993,2.9318,2.7643,2.6543,2.156,2.1595,2.163,2.1635,2.164,2.162,-34.1,-33.7,-34.06,-34.06,-34.04,-34.25,154.8,153.6,153.6,153.7,153.6,153.8
63,0.2016,0.2069,0.2122,0.2106,0.209,0.2102,3.145,3.1443,3.1243,2.9843,2.8443,2.7363,2.146,2.1485,2.151,2.1535,2.156,2.161,-33.92,-33.53,-33.92,-33.98,-33.93,-34.15,154.8,153.8,153.9,153.9,154.1.154
64,0.1611,0.1657,0.1702,0.1701,0.17,0.1662,3.08,3.0833,3.0853,2.9373,2.7893,2.6753,2.158,2.16,2.162,2.1645,2.167,2.164,-34.14,-33.84,-34.19,-34.26,-34.21,-34.45,154.5,153.3,153.1,153.4,153.3,153.5
66,0.1501,0.1547,0.1592,0.1586,0.158,0.1542,3.05,3.0563,3.0913,2.9273,2.7633,2.6423,2.12,2.12,2.124,2.128,2.132,2.13,-33.43,-33.08,-33.4,-33.52,-33.43,-33.65,155.1,154.1,154.2,154.3,154.3,154.2
67,0.1747,0.178,0.1812,0.1801,0.179,0.1772,2.988,2.9833,3.0193,2.8628,2.7063,2.6013,2.122,2.121,2.126,2.1285,2.131,2.135,-32.93,-32.64,-32.92,-32.98,-32.95,-33.15,152.4,152.1,152.2,152.2,152.3,152.1
68,0.1805,0.1844,0.1882,0.1851,0.182,0.1842,3.065,3.0623,3.0753,2.9208,2.7663,2.6523,2.145,2.143,2.153,2.1545,2.156,2.152,-32.63,-32.22,-32.59,-32.58,-32.54,-32.75,151.8,151.1,150.8,150.7,150.9,151.1
69,0.125,0.1256,0.1262,0.1261,0.126,0.1262,3.01,3.0103,3.0193,2.8658,2.7123,2.5993,2.118,2.12,2.122,2.1245,2.127,2.125,-33.89,-33.49,-33.86,-33.94,-33.86,-34.05,154.6,153.5,153.9,153.6.154,153.9
70,0.1411,0.1452,0.1492,0.1481,0.147,0.1482,2.988,2.9833,3.0003,2.8403,2.6803,2.5693,2.139,2.143,2.148,2.1495,2.151,2.146,-32.44.-32,-32.37,-32.37,-32.32,-32.55,154.6,154.2,154.1,154.2,154.2.154
71,0.1683,0.1708,0.1732,0.1731,0.173,0.1742,3.011,3.0053,3.0233,2.8673,2.7113,2.5983,2.11,2.106,2.113,2.116,2.119,2.116,-33.22,-32.87,-33.25,-33.25,-33.24,-33.45,155.4,154.2,154.1,154.3,154.1,154.4
73,0.1534,0.1563,0.1592,0.1601,0.161,0.1562,2.992,2.9853,3.0193,2.8553,2.6913,2.5813,2.108,2.11,2.117,2.1205,2.124,2.124,-34.2,-33.83,-34.19,-34.24,-34.2,-34.45.153,152.2,152.2,152.1,152.3,152.4
74,0.1278,0.13,0.1322,0.1311,0.13,0.1292,3.054,3.0533,3.0753,2.9163,2.7573,2.6403,2.138,2.141,2.15,2.1495,2.149,2.146,-33.23,-32.8,-33.16,-33.29,-33.18,-33.45,154.6,153.9,153.8.154.154,153.8
75,0.141,0.1451,0.1492,0.1476,0.146,0.1442,2.983,2.9723,2.9823,2.8303,2.6783,2.5673,2.117,2.116,2.121,2.1235,2.126,2.124,-34.6,-34.2,-34.56,-34.67,-34.52,-34.75,148.9,148.4,148.3,148.4,148.5,148.4
76,0.1955,0.1999,0.2042,0.2036,0.203,0.2012,3.026,3.0193,3.0303,2.8833,2.7363,2.6113,2.141,2.14,2.149,2.1575,2.166,2.156,-32.05,-31.69,-32.08,-32.17,-32.06,-32.25.159,157.8.158,157.9,157.8.158
77,0.1856,0.1899,0.1942,0.1931,0.192,0.1902,3.1,3.1043,3.1053,2.9513,2.7973,2.6813,2.143,2.1445,2.146,2.1495,2.153,2.146,-33.83,-33.32,-33.66,-33.73,-33.61,-33.85.154,153.6,153.8,153.6,153.9,153.8
78,0.1929,0.1966,0.2002,0.1991,0.198,0.1982,3.088,3.0673,3.0873,2.9378,2.7883,2.6693,2.192,2.195,2.186,2.188,2.19,2.185,-32.57,-32.18,-32.5,-32.62,-32.49,-32.75,157.2,156.5,156.7,156.3,156.5,156.2
79,0.2145,0.2189,0.2232,0.2231,0.223,0.2202,3.144,3.1233,3.1703,3.0083,2.8463,2.7353,2.177,2.177,2.181,2.183,2.185,2.183,-33.3,-32.97,-33.27,-33.42,-33.3,-33.55,155.9,155.3,155.3,155.2,155.1,155.3
80,0.1595,0.1634,0.1672,0.1671,0.167,0.1662,3.141,3.1303,3.1723,3.0093,2.8463,2.7293,2.217,2.22,2.218,2.22,2.222,2.215,-34.29,-33.97,-34.27,-34.44,-34.29,-34.55,153.6,153.3,153.3,153.3,153.3,153.1
81,0.1905,0.1959,0.2012,0.1986,0.196,0.1992,3.112,3.0933,3.1513,2.9838,2.8163,2.6983,2.144,2.14,2.142,2.1445,2.147,2.142,-33.45,-32.97,-33.25,-33.44,-33.29,-33.55,153.6,153.4,153.5,153.5,153.5,153.6
82,0.1392,0.1422,0.1452,0.1436,0.142,0.1322,3.068,3.0583,3.1103,2.9418,2.7733,2.6593,2.193,2.191,2.191,2.1935,2.196,2.19,-32.45,-32.07,-32.33,-32.45,-32.29,-32.45,154.3,153.5,153.6,153.5,153.4,153.4
83,0.1438,0.1495,0.1552,0.1536,0.152,0.1482,3.059,3.0323,3.1283,2.9413,2.7543,2.6393,2.159,2.162,2.17,2.1725,2.175,2.17,-33.06,-32.68,-32.92,-33.11,-32.98,-33.15,155.5,154.6,154.6,154.4,154.8,154.6
84,0.1468,0.152,0.1572,0.1546,0.152,0.1482,3.013,3.0013,3.0463,2.8858,2.7253,2.6043,2.145,2.144,2.144,2.148,2.152,2.147,-32.22,-31.92,-32.21,-32.28,-32.09,-32.25,151.6,150.5,150.9,150.6,150.9,150.7
85,0.1454,0.1483,0.1512,0.1536,0.156,0.1492,2.989,2.9693,3.0123,2.8498,2.6873,2.5743,2.136,2.135,2.138,2.14,2.142,2.14,-32.63,-32.26,-32.62,-32.72,-32.6,-32.85,157.6,155.8,156.6,156.5,156.6,156.4
86,0.184,0.1871,0.1902,0.1886,0.187,0.1892,3.12,3.1073,3.1743,2.9993,2.8243,2.7143,2.13,2.133,2.128,2.13,2.132,2.129,-34.78,-34.41,-34.7,-34.87,-34.77,-34.95,153.3,152.8,152.7,152.9,152.8,152.6
87,0.1621,0.1657,0.1692,0.1686,0.168,0.1682,3.052,3.0343,3.0993,2.9278,2.7563,2.6363,2.15,2.148,2.146,2.1495,2.153,2.143,-32.57,-32.18,-32.49,-32.64,-32.52,-32.75,153.1,151.9,152.4,152.4,152.3,152.3
88,0.1571,0.1607,0.1642,0.1646,0.165,0.1622,3.078,3.0583,3.1283,2.9648,2.8013,2.6703,2.127,2.129,2.136,2.1405,2.145,2.134,-32.42,-34.05,-34.29,-34.46,-34.36,-34.55,154.3,153.1.153,153.4,153.4,153.4
89,0.1676,0.1709,0.1742,0.1736,0.173,0.1722,3.024,3.0113,3.0933,2.9113,2.7293,2.6173,2.111,2.114,2.117,2.12,2.123,2.121,-32.99,-32.64,-32.9,-33.1,-32.94,-33.15,150.7,149.8,149.6,149.8,149.8,149.8
90,0.1411,0.1472,0.1532,0.1516,0.15,0.1482,3.023,3.0093,3.0513,2.8933,2.7353,2.6183,2.122,2.124,2.128,2.13,2.132,2.131,-33.1,-32.73,-33.04,-33.2,-33.06,-33.25,154.2,154.2,154.2,154.1,154.2,154.2
91,0.1393,0.1438,0.1482,0.1461,0.144,0.1432,3.013,2.9873,3.0293,2.8703,2.7113,2.5963,2.135,2.135,2.14,2.142,2.144,2.14,-32.95,-32.64,-32.91,-33.07,-32.88,-33.05,153.4,152.3,152.5,152.2,152.4,152.4
93,0.2166,0.2209,0.2252,0.2246,0.224,0.2232,3.081,3.0623,3.1503,2.9688,2.7873,2.6733,2.144,2.143,2.148,2.149,2.15,2.148,-33.16,-32.79,-33.04,-33.22,-33.12,-33.35,155.9,155.3,154.9,154.9,155.3.155
94,0.1569,0.1616,0.1662,0.1651,0.164,0.1632,3.1,3.0793,3.1753,2.9878,2.8003,2.6883,2.128,2.132,2.137,2.1365,2.136,2.137,-33.94,-33.57,-33.81,-34.03,-33.9,-34.15,155.3,154.7,154.8,154.6,154.4,154.8
95,0.2119,0.2166,0.2212,0.2201,0.219,0.2182,3.015,3.0023,3.0763,2.9033,2.7303,2.6133,2.121,2.123,2.128,2.128,2.128,2.129,-32.56,-32.17,-32.45,-32.62,-32.51,-32.75,159.1,157.8.158.158,157.9,158.1
96,0.183,0.1871,0.1912,0.1916,0.192,0.1882,3.028,3.0483,3.0903,2.9248,2.7593,2.6193,2.12,2.12,2.126,2.121,2.1255,2.13,-33.51,-33.09,-33.39,-33.57,-33.42,-33.65,154.2,153.3,153.4,152.8,153.5,153.6
97,0.1334,0.1368,0.1402,0.1371,0.134,0.1322,3.015,3.0563,3.0853,2.9183,2.7513,2.6373,2.12,2.123,2.128,2.131,2.134,2.131,-33.2,-32.82,-33.15,-33.21,-33.13,-33.35,155.4,154.5,154.9,154.9,154.1,154.2
98,0.1722,0.1782,0.1842,0.1832,0.181,0.1802,3.048,3.0693,3.0793,2.9173,2.7553,2.6373,2.127,2.128,2.136,2.1365,2.137,2.133,-33.25,-32.89,-33.25,-33.29,-33.27,-33.45,155.5,154.7.154.154,154.8,154.7
99,0.1576,0.1624,0.1672,0.1652,0.164,0.1632,2.986,3.0113,3.0023,2.8438,2.6853,2.5693,2.125,2.125,2.126,2.13,2.134,2.128,-33.03,-32.66,-32.99,-33.04,-33.01,-33.25,153.4,152.5,152.5,152.4,152.1,152.2
100,0.1388,0.1415,0.1442,0.1482,0.145,0.1462,2.95,2.9753,2.9683,2.8118,2.6553,2.5403,2.115,2.12,2.122,2.1245,2.127,2.124,-34.72,-34.36,-34.7,-34.92,-34.79,-34.95,151.2,150.3,150.4,150.6,150.7,149.9
101,0.1394,0.1433,0.1472,0.1452,0.1492,0.1532,3.014,3.0383,3.0173,2.8763,2.7353,0.0053,2.121,2.122,2.128,2.123,2.134.0,-33.23,-32.79,-33.14,-33.3,-37.61,0.25,153.8,152.9,152.9.153,3.145,-0.5
102,0.1519,0.1571,0.1622,0.1586,0.155,0.1582,3.015,2.9133,2.8493,2.7513,2.6533,2.6763,2.126,2.129,2.132,2.136,2.14,2.137,-32.91,-32.7,-33.21,-33.07,-33.11,-33.15,156.8,155.8,155.8,155.7,155.3,155.9
103,0.1303,0.1303,0.1302,0.1312,0.133,0.1302,3.059,2.9573,2.8783,2.8113,2.7443,2.7113,2.146,2.156,2.152,2.146,2.15,2.154,-32.61,-32.45,-32.93,-32.89,-32.89,-32.95.156,155.2.155,155.1,154.9,155.1
104,0.1626,0.1644,0.1662,0.1652,0.164,0.1692,3.035,2.9513,2.8573,2.7668,2.6763,2.6983,2.147,2.148,2.154,2.156,2.158,2.151,-32.73,-32.55,-33.03,-32.95,-32.93,-32.95,156.6,155.7.155,155.4,155.6,155.5
105,0.1326,0.1339,0.1352,0.1342,0.132,0.1352,3.032,2.9233,2.8493,2.7603,2.6713,2.6923,2.125,2.128,2.138,2.1405,2.143,2.138,-33.02,-32.91,-33.38,-33.29,-32.8,-32.75,155.4,154.2,154.5,154.5,154.8,154.2
106,0.1372,0.1387,0.1402,0.1352,0.136,0.1362,3.105,3.0043,2.9143,2.8323,2.7503,2.7553,2.244,2.248,2.251,2.2595,2.268,2.251,-33.08,-32.95,-33.44,-33.42,-33.28,-33.25,153.8,153.6,153.2,153.3,153.5,153.6
107,0.1476,0.1504,0.1532,0.1532,0.15,0.1532,3.045,2.9613,2.8503,2.7613,2.6723,2.6923,2.119,2.122,2.129,2.129,2.129,2.128,-33.75,-33.61,-34.12,-34.06,-34.05,-34.05,153.8,152.9,152.9,152.9.153.153
108,0.1477,0.1505,0.1532,0.1532,0.155,0.1542,3.068,2.9833,2.8783,2.7913,2.7043,2.7223,2.126,2.131,2.138,2.139,2.14,2.137,-33.12,-32.9,-33.39,-33.36,-33.34,-33.35,154.5,153.7,153.9,153.5,153.5,153.6
109,0.1479,0.1496,0.1512,0.1542,0.153,0.1522,3.034,2.9653,2.8403,2.7523,2.6643,2.6873,2.11,2.111,2.122,2.124,2.126,2.123,-34.11,-33.94,-34.47,-34.27,-34.23,-34.15,153.8,152.8.153,152.9.153.153
110,0.1678,0.1695,0.1712,0.1732,0.171,0.1722,3.043,2.9733,2.8443,2.7578,2.6713,2.6913,2.118,2.122,2.124,2.128,2.132,2.127,-33.63,-33.46,-33.99,-33.91,-33.91,-33.85,154.2,152.6,153.3,153.1.153,153.1
111,0.1429,0.1451,0.1472,0.1512,0.145,0.1502,3.039,2.9923,2.8453,2.7598,2.6743,2.7033,2.137,2.138,2.143,2.1455,2.148,2.146,-31.78,-31.53,-32.05,-31.93,-31.97,-31.95,158.2,157.1,157.3,157.1.157,157.3
112,0.1371,0.1382,0.1392,0.1442,0.135,0.1382,2.995,2.9403,2.8083,2.7203,2.6323,2.6573,2.141,2.142,2.148,2.148,2.148,2.145.-33,-32.8,-33.33,-33.25,-33.2,-33.25,154.5,153.6.154,153.5,153.8,153.1
113,0.184,0.1861,0.1882,0.1882,0.186,0.1932,3.085,3.0303,2.8883,2.8023,2.7163,2.7463,2.117,2.122,2.127,2.129,2.131,2.135,-34.08,-33.86,-34.42,-34.34,-34.31,-34.35,154.4,153.1,153.4,153.4,153.2,153.6
114,0.1633,0.1658,0.1682,0.1682,0.166,0.1692,3.051,2.9933,2.8523,2.7673,2.6823,2.7013,2.129,2.131,2.137,2.133,2.135,2.137,-33.58,-33.36,-33.94,-33.92,-33.88,-33.95,154.9.154,153.8.154,153.7,154.1
115,0.1643,0.1658,0.1672,0.1682,0.167,0.1692,3.03,2.9923,2.8533,2.7668,2.6803,2.7073,2.126,2.125,2.129,2.1305,2.132,2.13,-33.59,-33.37,-33.92,-33.93,-33.83,-33.75,154.7,153.8,153.5,153.8,153.8,153.5
116,0.1677,0.17,0.1722,0.1702,0.168,0.1722,3.021,2.9533,2.8323,2.7453,2.6583,2.6833,2.126,2.127,2.132,2.133,2.134,2.134,-32.47,-32.31,-32.8,-32.8,-32.68,-32.65,158.5,157.2,157.7,157.5,157.4,157.5
117,0.1779,0.1801,0.1822,0.1802,0.18,0.1842,3.109,3.0373,2.9193,2.8318,2.7443,2.7663,2.124,2.123,2.127,2.1305,2.134,2.129,-34.14,-33.83,-34.37,-34.41,-34.32,-34.35,153.9,153.1,153.1,153.2,153.2,153.3
118,0.1735,0.1739,0.1742,0.1742,0.174,0.1752,3.029,2.9803,2.8433,2.7568,2.6703,2.6983,2.12,2.117,2.123,2.1245,2.126,2.129,-32.53,-32.24,-32.79,-32.8,-32.71,-32.75,153.7,153.2,152.9,152.9.153,152.9
119,0.1494,0.1518,0.1542,0.1552,0.153,0.1542,2.985,2.9373,2.7783,2.6918,2.6053,2.6243,2.116,2.116,2.12,2.122,2.124,2.124,-32.94,-32.67,-33.25,-33.2,-33.16,-33.15.156,155.1,154.8,154.8,154.3,154.9
120,0.1481,0.1512,0.1542,0.1492,0.151,0.1552,3.008,2.9613,2.8183,2.7353,2.6523,2.6723,2.112,2.115,2.127,2.1305,2.134,2.131,-33.5,-33.3,-33.84,-33.82,-33.72,-33.75,153.8,153.1,153.2,152.9,153.3,153.1
121,0.2031,0.2067,0.2102,0.2086,0.207,0.2112,3.131,3.0993,2.9423,2.8573,2.7723,2.7913,2.147,2.145,2.15,2.152,2.154,2.151,-33.87,-33.6,-34.19,-34.2,-34.15,-34.15,154.6,153.7,153.9,153.6,153.8,153.5
122,0.1413,0.1443,0.1472,0.1481,0.149,0.1482,3.045,2.9823,2.8403,2.7563,2.6723,2.6943,2.138,2.133,2.138,2.1395,2.141,2.139,-33.45,-33.21,-33.73,-33.72,-33.65,-33.65,154.1,153.2,153.2.153,152.9,153.1
123,0.1494,0.1508,0.1522,0.1531,0.154,0.1562,3.034,2.9803,2.8473,2.7618,2.6763,2.7023,2.122,2.12,2.126,2.1285,2.131,2.129,-32.74,-32.48.-33,-32.97,-32.88,-32.85,152.4,151.4,151.7,151.5,151.7,151.6
124,0.1905,0.1924,0.1942,0.1951,0.196,0.1982,3.131,3.1253,2.9363,2.8533,2.7703,2.7993,2.144,2.143,2.142,2.145,2.148,2.152,-33.27,-32.95,-33.54,-33.54,-33.46,-33.45,155.3,154.5,154.6,154.6,154.7,154.7
125,0.151,0.1541,0.1572,0.1571,0.157,0.1582.3,2.9893,2.8103,2.7283,2.6463,2.6713,2.126,2.126,2.127,2.13,2.133,2.132,-33.59,-31.35,-31.89,-31.87,-31.72,-31.75,156.6.156,155.9,156.1.156.156
126,0.1469,0.1506,0.1542,0.1521,0.15,0.1542,2.834,2.8003,2.8803,2.7798,2.6793,2.7113,2.136,2.135,2.14,2.1435,2.147,2.14,-33.62,-33.61,-33.86,-33.74,-33.8,-33.75,153.7,153.6,153.5,153.4,153.5,152.8
127,0.141,0.1436,0.1462,0.1451,0.144,0.1462,2.834,2.8133,2.9033,2.8003,2.6973,2.7313,2.143,2.146,2.152,2.1525,2.153,2.151,-33.47,-33.48,-33.68,-33.69,-33.65,-33.65,153.3,152.4,152.6,152.6,152.4,152.5
128,0.1356,0.1384,0.1412,0.1376,0.134,0.1422,2.758,2.7193,2.7923,2.6968,2.6013,2.6253,2.09,2.094,2.096,2.0965,2.097,2.097,-34.14,-34.18,-34.45,-34.44,-34.42,-34.45.153,151.5,152.3,151.5,152.3,152.2
129,0.1922,0.1957,0.1992,0.1981,0.197,0.2002,2.854,2.8103,2.8763,2.7823,2.6883,2.7153,2.099,2.105,2.106,2.1115,2.1103,2.109,-32.74,-32.78,-33.05,-33.02,-32.96,-32.95,154.9,154.2,154.3,154.1,154.2,154.2
130,0.1967,0.199,0.2012,0.2021,0.203,0.2052,2.95,2.8993,2.9733,2.8803,2.7873,2.8143,2.129,2.127,2.135,2.1365,2.138,2.136,-34.13,-34.11,-34.38,-34.37,-34.25,-34.25,154.7.154,153.6.154,153.8.154
131,27.86,14.0071,0.1542,0.1536,0.153,0.1542,2.82,2.8043,2.8673,2.7743,2.6813,2.7103,2.135,2.138,2.14,2.1405,2.141,2.141,-0.366,-31.95,-32.2,-32.13,-32.08,-32.05,491.2,155.4,155.7,155.5,155.7,155.8
132,0.1854,0.1883,0.1912,0.1906,0.19,0.1932,2.967,2.9163,2.9763,2.8888,2.8013,2.8283,2.147,2.145,2.152,2.1555,2.159,2.156,-34.48,-34.56,-34.83,-34.74,-34.75,-34.75,153.9,152.7,153.1,153.1.153.153
133,0.1834,0.1858,0.1882,0.1881,0.188,0.1912,2.947,2.9213,2.9513,2.8698,2.7883,2.8093,2.156,2.157,2.165,2.169,2.173,2.167,-33.34,-33.25,-33.58,-33.51,-33.53,-33.55,156.5,155.9.156.156,155.9,155.7
134,0.2492,0.2507,0.2522,0.2531,0.254,0.2602,2.982,2.9513,2.9893,2.9003,2.8113,2.8393,2.169,2.167,2.173,2.1745,2.176,2.176,-33.54,-33.48,-33.79,-33.71,-33.75,-33.75,155.6,154.9,155.1,154.9,155.1,154.8
135,0.1476,0.1499,0.1522,0.1511,0.15,0.1512,2.834,2.7983,2.8423,2.7528,2.6633,2.6933,2.159,2.156,2.162,2.162,2.162,2.165,-34.39,-34.42,-34.75,-34.69,-34.65,-34.65,152.3,151.4,151.5,151.1,151.3,151.4
136,0.1511,0.1522,0.1532,0.1541,0.155,0.1542,2.84,2.8093,2.8473,2.7603,2.6733,2.6983,2.148,2.149,2.156,2.1565,2.157,2.153,-32.65,-32.68,-32.97,-32.9,-32.86,-32.85.153,152.5,152.5,152.2,152.1,152.4
137,0.1611,0.1642,0.1672,0.1656,0.164,0.1692,2.904,2.8733,2.9183,2.8288,2.7393,2.7673,2.161,2.159,2.165,2.167,2.169,2.167,-34.13,-34.18,-34.51,-34.41,-34.4,-34.35,154.4,153.1,153.4,153.3,153.2,153.4
138,0.1805,0.1839,0.1872,0.1861,0.185,0.1892,2.885,2.8673,2.9093,2.8218,2.7343,2.7683,2.163,2.162,2.169,2.172,2.175,2.171,-33.56,-33.53,-33.85,-33.82,-33.82,-33.75,154.9,154.1,153.2,153.6,153.8,153.9
139,0.1612,0.1637,0.1662,0.1632,0.166,0.1662,2.869,2.8283,2.8563,2.7748,2.6933,2.7213,2.149,2.149,2.159,2.159,2.159,2.156,-34.78,-34.85,-35.15,-35.06,-35.09,-35.05,153.4,152.7,152.8,152.3,152.7,152.1
140,0.1793,0.1803,0.1812,0.1806,0.18,0.1832,2.902,2.8863,2.9193,2.8378,2.7563,2.7893,2.153,2.153,2.156,2.1585,2.161,2.161,-32.99,-32.97,-33.27,-33.14,-33.13,-33.15.156.155,154.8,154.8.155,155.1
141,0.1387,0.1405,0.1422,0.1436,0.145,0.1482,2.814,2.7843,2.8213,2.7378,2.6543,2.6823,2.142,2.14,2.15,2.151,2.152,2.146,-32.44,-32.37,-32.68,-32.67,-32.57,-32.55,153.4,152.4,152.8,152.7,152.9,152.5
142,0.165,0.1666,0.1682,0.1676,0.167,0.1682,2.851,2.8243,2.8463,2.7638,2.6813,2.7063,2.161,2.159,2.158,2.1605,2.163,2.157,-33.82,-33.77,-34.07,-34.07,-34.02,-34.05,153.2,152.4,152.6,152.4,152.5,152.7
143,0.1589,0.1611,0.1632,0.1641,0.165,0.1662,2.884,2.8453,2.8703,2.7933,2.7163,2.7393,2.188,2.1895,2.191,2.195,2.199,2.195,-33.4,-33.44,-33.75,-33.74,-33.58,-33.55,154.1,152.8,153.1,152.8,153.2.153
144,0.1478,0.15,0.1522,0.1531,0.154,0.1572,2.846,2.8063,2.8323,2.7553,2.6783,2.7033,2.146,2.1475,2.149,2.154,2.159,2.147,-33.41,-33.35,-33.63,-33.66,-33.45,-33.45,154.8.154.154,153.9.154,154.1
145,0.1371,0.1377,0.1382,0.1426,0.147,0.1432,2.85,2.8103,2.8313,2.7518,2.6723,2.7003,2.14,2.1395,2.139,2.14,2.141,2.141,-33.11,-33.16,-33.5,-33.59,-33.37,-33.35,155.4,154.2,154.6,154.4,154.4,154.5
146,0.1512,0.1537,0.1562,0.1556,0.155,0.1572,2.851,2.8193,2.8493,2.7668,2.6843,2.7163,2.145,2.148,2.151,2.1515,2.152,2.147,-34.83,-34.76,-35.07,-35.23,-35.02,-35.05,151.6,150.7,150.8,150.3,150.6,150.5
147,0.1718,0.1725,0.1732,0.1741,0.175,0.1762,2.918,2.8883,2.9073,2.8283,2.7493,2.7773,2.146,2.149,2.152,2.1525,2.153,2.149,-34.02,-33.92,-34.21,-34.33,-34.09,-34.05,154.7,153.5,153.8,153.7,153.8,153.7
148,0.1593,0.1603,0.1612,0.1626,0.164,0.1652,2.883,2.8533,2.8763,2.7958,2.7153,2.7413,2.155,2.157,2.159,2.1585,2.158,2.156,-32.8,-32.71,-33.01,-33.14,-32.93,-32.95,153.4,152.2,152.3,152.4,152.3,152.4
149,0.1362,0.1372,0.1382,0.1366,0.135,0.1412,2.81,2.7863,2.8173,2.7343,2.6513,2.6733,2.142,2.145,2.148,2.147,2.146,2.146,-34.19,-34.19,-34.46,-34.26,-34.35,-34.35,150.6,149.8,149.8,149.7.150.150
150,0.1544,0.1568,0.1592,0.1591,0.159,0.1612,2.862,2.8733,2.9133,2.8233,2.7333,2.7663,2.141,2.145,2.149,2.151,2.153,2.147,-33.93,-33.81,-34.15,-33.92,-34.15,-34.15,153.1,152.3.152,152.1.152,152.1
151,0.229,0.2321,0.2352,0.2346,0.234,0.2402,2.998,2.9733,3.0063,2.9273,2.8483,2.8803,2.157,2.158,2.159,2.161,2.163,2.161,-33.76,-33.66,-33.99,-33.61,-33.92,-33.95,155.3,154.6,154.5,154.3,154.5,154.5
152,0.1669,0.1686,0.1702,0.1701,0.17,0.1712,2.861,2.8373,2.8693,2.7903,2.7113,2.7403,2.135,2.1395,2.144,2.1445,2.145,2.143,-33.87,-33.79,-34.08,-34.17,-34.01,-34.05.154,152.7,153.1,152.7,152.9,152.8
153,0.163,0.1636,0.1642,0.1651,0.166,0.1682,2.855,2.8143,2.8363,2.7603,2.6843,2.7073,2.145,2.149,2.153,2.1535,2.154,2.148,-33.59,-33.58,-33.89.-34,-33.78,-33.75,155.2.154,154.1,153.9.154,154.1
154,0.1508,0.153,0.1552,0.1556,0.156,0.1572,2.88,2.8683,2.8893,2.8073,2.7253,2.7573,2.165,2.165,2.165,2.168,2.171,2.167,-32.03,-31.89,-32.23,-32.31,-32.07,-32.05,159.7,159.2,158.9,158.3,159.2.159
155,0.1409,0.1416,0.1422,0.1451,0.148,0.1472,2.801,2.7743,2.8053,2.7258,2.6463,2.6673,2.145,2.1445,2.144,2.1485,2.153,2.145,-33.74,-33.71,-34.03,-34.15,-33.92,-33.95,154.3,153.5,153.3,153.3,153.4,153.5
156,0.1512,6.0797,12.0082,22.7482,27.91,12.0082,2.795,0.0073,0.0013,1.3278,2.6543,0.0053,2.136,0.001,-0.002,2.142,2.158.0,-34.39,0.4,-0.02,-31.69,-29.82,0.25.152,-0.6,-0.5,169.5,76.74,-0.5
157,0.1428,0.145,0.1472,0.1471,0.147,0.1482,2.822,2.8242,2.8263,2.7368,2.6473,2.6793,2.125,2.13,2.135,2.135,2.135,2.132,-33.6,-33.58,-33.85,-33.73,-33.77,-33.75.154,153.4,153.5,153.3,153.2,153.4
158,0.1594,0.1598,0.1602,0.1621,0.164,0.1662,2.876,2.7973,2.8813,2.7928,2.7043,2.7313,2.139,2.137,2.146,2.1455,2.145,2.144,-32.56,-32.6,-32.81,-32.73,-32.76,-32.75,157.1,156.3,156.3.156.156,156.2
159,0.1345,0.1384,0.1422,0.1371,0.132,0.1342,2.814,2.7313,2.8233,2.7308,2.6383,2.6723,2.156,2.148,2.156,2.1565,2.157,2.156,-33.56,-33.56,-33.76,-33.72,-33.65,-33.65,154.2,152.8,153.7,153.3,153.7,153.5
160,0.1426,0.1454,0.1482,0.1466,0.145,0.1492,2.819,2.7453,2.8223,2.7368,2.6513,2.6773,2.133,2.129,2.143,2.141,2.139,2.137,-33.61,-33.61,-33.86,-33.86,-33.69,-33.65,154.3,153.9,153.6,153.8,153.6,153.2
161,0.139,0.1401,0.1412,0.1446,0.148,0.1452,2.82,2.7453,2.8113,2.7428,2.6743,2.7063,2.151,2.153,2.168,2.177,2.1815,2.186,-32.99,-33.02,-33.3,-33.05,-33.17,-33.15,152.1,151.2,151.3,151.1,151.3,151.3
162,0.1555,0.1564,0.1572,0.1591,0.161,0.1632,2.852,2.7773,2.8423,2.7713,2.7003,2.7293,2.144,2.143,2.152,2.1525,2.153,2.151,-33.6,-33.66,-33.89,-33.66,-33.75,-33.75,153.7,152.9,152.9,152.9,152.8,152.8
163,0.1457,0.147,0.1482,0.1486,0.149,0.1512,2.845,2.7673,2.8323,2.7598,2.6873,2.7133,2.132,2.132,2.137,2.1375,2.138,2.136,-33.73,-33.84,-34.09,-33.96,-33.92,-33.95,154.4,153.5,153.7,153.8,153.9,153.7
164,0.1448,0.145,0.1452,0.1461,0.147,0.1502,2.814,2.7173,2.7873,2.7153,2.6433,2.6713,2.149,2.146,2.156,2.1565,2.157,2.155,-32.44,-32.48,-32.75,-32.6,-32.54,-32.55,155.1.154,154.5,154.5,154.6,154.5
165,0.19,0.1951,0.2002,0.2001,0.2,0.2032,2.814,2.7633,2.8363,2.7643,2.6923,2.7253,2.149,2.139,2.143,2.1435,2.144,2.144,-32.44,-33.97,-34.19,-34.06,-34.05,-34.05,155.1,153.1,153.1,152.7,152.9.153
166,0.17,0.1706,0.1712,0.1721,0.173,0.1742,2.868,2.7593,2.8323,2.7638,2.6953,2.7333,2.123,2.124,2.132,2.1325,2.133,2.138,-33.51,-33.5,-33.8,-33.67,-33.72,-33.75,152.9,151.8,151.9,152.2,151.3,151.9
167,0.1435,0.1449,0.1462,0.1471,0.148,0.1532,2.808,2.7033,2.7833,2.7218,2.6603,2.6893,2.126,2.124,2.13,2.132,2.134,2.132,-33.32,-33.41,-33.67,-33.55,-33.5,-33.45,155.4,154.4,154.5,154.5,154.6,154.4
168,0.1432,0.1452,0.1472,0.1466,0.146,0.1502,2.834,2.7223,2.7923,2.7253,2.6583,2.6843,2.144,2.139,2.148,2.1475,2.147,2.147,-34.46,-34.52,-34.76,-34.61,-34.65,-34.65,151.8,151.1,151.1,151.4,151.1,150.6
169,0.1502,0.1507,0.1512,0.1516,0.152,0.1542,2.855,2.7403,2.8103,2.7438,2.6773,2.7043,2.138,2.133,2.14,2.1405,2.141,2.14,-33.39,-33.46,-33.72,-33.56,-33.58,-33.55,153.4,152.4,152.6,152.6,152.6,152.3
170,0.1677,0.1665,0.1652,0.1686,0.172,0.1732,2.817,2.7073,2.7833,2.7163,2.6493,2.6753,2.092,2.09,2.1,2.1015,2.103,2.101,-34.03,-34.17,-34.4,-34.32,-34.32,-34.25,153.3,152.2,152.3,152.3,152.1,152.2
171,0.1945,0.1964,0.1982,0.1986,0.199,0.2022,2.858,2.7523,2.8163,2.7563,2.6963,2.7173,2.114,2.117,2.118,2.119,2.12,2.123,-33.41,-33.51,-33.74,-33.67,-33.59,-33.55,154.5,153.3,153.6,153.4,153.5,153.5
172,0.1787,0.18,0.1812,0.1801,0.179,0.1832,2.896,2.7813,2.8483,2.7843,2.7203,2.7483,2.112,2.109,2.111,2.115,2.119,2.114,-33.03,-33.13,-33.34,-33.26,-33.18,-33.15,156.3,155.1,155.3,155.4,155.5,155.1
173,0.146,0.1496,0.1532,0.1521,0.151,0.1542,2.827,2.8033,2.8953,2.8088,2.7223,2.7553,2.108,2.104,2.115,2.118,2.121,2.112,-32.69,-32.68,-32.88,-32.75,-32.77,-32.75,156.5,155.7,155.7,155.4,155.7,155.5
174,0.1511,0.1537,0.1562,0.1561,0.156,0.1582,2.827,2.7043,2.7753,2.7083,2.6413,2.6693,2.135,2.131,2.127,2.1275,2.128,2.126,-32.47,-32.53,-32.78,-32.67,-32.62,-32.65,157.4,156.6,156.5,156.5,156.6,156.7
175,0.1865,0.1884,0.1902,0.1911,0.192,0.1932,2.896,2.8323,2.8963,2.8233,2.7503,2.7813,2.12,2.122,2.11,2.1105,2.111,2.109,-33.52,-33.5,-33.72,-33.58,-33.58,-33.55.155,154.2,154.3,154.3,154.2,154.3
176,0.1291,0.1287,0.1282,0.1281,0.128,0.1302,2.914,2.8023,2.8773,2.8148,2.7523,2.7803,2.143,2.143,2.146,2.149,2.152,2.147,-33.27,-33.35,-33.55,-33.49,-33.37,-33.35,155.9,154.8,154.6,154.9.155,154.9
177,0.1637,0.1665,0.1692,0.1686,0.168,0.1692,2.853,2.7283,2.7983,2.7328,2.6673,2.6993,2.133,2.134,2.139,2.1405,2.142,2.144,-32.58,-32.71,-32.92,-32.76,-32.73,-32.75.158.157,156.9,156.7.157,156.8
178,0.1638,0.1655,0.1672,0.1691,0.171,0.1702,2.885,2.7703,2.8423,2.7803,2.7183,2.7443,2.147,2.146,2.146,2.15,2.154,2.148,-33.08,-33.18,-33.42,-33.35,-33.25,-33.25,154.6,153.8,154.1.154.154,154.1
179,0.1434,0.1468,0.1502,0.1496,0.149,0.1502,2.862,2.7483,2.8203,2.7553,2.6903,2.7193,2.14,2.14,2.14,2.1425,2.145,2.142,-34.3,-34.29,-34.51,-34.43,-34.35,-34.35,154.4,153.2,153.3,153.6,153.5,153.2
180,0.1747,0.1775,0.1802,0.1791,0.178,0.1812,2.853,2.8403,2.9533,2.8608,2.7683,2.8363,2.145,2.142,2.15,2.15,2.15,2.15,-32.72,-32.68,-32.82,-32.57,-32.72,-32.65,155.7,155.1.155,154.9.155,154.8
181,0.1455,0.1484,0.1512,0.1506,0.15,0.1552,2.814,2.7053,2.7713,2.7063,2.6413,2.6703,2.14,2.137,2.14,2.1435,2.147,2.141.-33,-33.02,-33.25,-33.03,-33.09,-33.05,155.2,154.5,154.1,154.1,154.1,154.1
182,0.1697,0.1715,0.1732,0.1746,0.176,0.1762,2.919,2.8053,2.8693,2.8088,2.7483,2.7693,2.159,2.158,2.16,2.1635,2.167,2.162,-34.06,-34.08,-34.35,-34.12,-34.19,-34.15,154.4,153.7,153.6,153.5,153.9,153.7
183,0.1516,0.1554,0.1592,0.1571,0.155,0.1612,2.847,2.8263,2.9043,2.8298,2.7553,2.8043,2.152,2.152,2.157,2.1625,2.168,2.156,-33.42,-33.3,-33.55,-33.37,-33.46,-33.45,153.6.153.153,152.8.153,152.6
184,0.1646,0.1659,0.1672,0.1681,0.169,0.1702,2.918,2.8143,2.8863,2.8393,2.7923,2.8053,2.162,2.159,2.163,2.166,2.169,2.168,-33.93,-33.88,-34.09,-33.98,-33.89,-33.85.155.154.154,153.8.154.154
185,0.1738,0.174,0.1742,0.1751,0.176,0.1752,2.864,2.7763,2.8553,2.7848,2.7143,2.7433,2.153,2.153,2.153,2.156,2.159,2.157,-33.06,-33.07,-33.32,-33.17,-33.13,-33.15,156.5,155.7,155.7,155.6,155.7,155.5
186,0.1298,0.1295,0.1292,0.1301,0.131,0.1302,2.69,2.6823,2.8073,2.7258,2.6443,2.6613,2.12,2.124,2.128,2.129,2.13,2.13,32.52,-32.58,-32.82,-32.82,-32.71,-32.75,154.3,153.4,153.6,153.5,153.6,153.5
187,0.1758,0.1755,0.1752,0.1761,0.177,0.1782,2.727,2.7213,2.8103,2.7358,2.6613,2.6963,2.119,2.1215,2.124,2.125,2.126,2.125,-33.27,-33.41,-33.61,-33.5,-33.42,-33.35,155.8,154.6,154.1,154.6,154.5,154.6
188,0.159,0.1616,0.1642,0.1646,0.165,0.1662,2.753,2.7433,2.8403,2.7708,2.7013,2.7273,2.123,2.128,2.133,2.136,2.139,2.127,-33.75,-33.8,-33.96,-33.89,-33.84,-33.85,154.9,154.4,154.4.154,154.1,154.3
189,0.1761,0.1782,0.1802,0.1801,0.18,0.1832,2.811,2.8173,2.9193,2.8468,2.7743,2.8113,2.12,2.121,2.127,2.1295,2.132,2.128,-34.38,-34.4,-34.55,-34.62,-34.45,-34.35,153.8,152.8,152.7,152.5,152.6,152.7
190,0.1968,0.1995,0.2022,0.2031,0.204,0.2062,2.792,2.7683,2.8583,2.7903,2.7223,2.7553,2.127,2.13,2.13,2.133,2.136,2.133,-33.78,-33.92,-34.13,-34.08,-33.96,-33.95,154.2,153.4,153.5,153.6,153.3,153.6
191,0.1962,0.1987,0.2012,0.2016,0.202,0.2032,2.733,2.7053,2.7963,2.7293,2.6623,2.6883,2.145,2.147,2.149,2.149,2.149,2.151.-33,-33.67,-33.85,-33.71,-33.65,-33.65,154.9,153.9,153.6,153.5,153.9,153.8
192,0.1371,0.1392,0.1412,0.1391,0.137,0.1422,2.727,2.7013,2.7943,2.7263,2.6583,2.6863,2.147,2.148,2.154,2.155,2.156,2.153,-33.93,-33.96,-34.14,-34.1.-34,-33.95,152.7,151.6,151.8,151.9,151.7,151.8
193,0.1673,0.1698,0.1722,0.1716,0.171,0.1722,2.832,2.8403,2.8283,2.7543,2.6803,2.7133,2.149,2.15,2.151,2.1515,2.152,2.153,-34.83,-34.74,-34.98,-35.02,-34.9,-34.85,149.8,148.8.149,149.1,148.9.149
194,0.1373,0.1393,0.1412,0.1381,0.135,0.1402,2.726,2.7143,2.7763,2.7113,2.6463,2.6743,2.135,2.136,2.139,2.1405,2.142,2.141,-33.42,-33.5,-33.71,-33.38,-33.51,-33.55.155.154,153.7.154,154.1.154
195,0.1826,0.1849,0.1872,0.1876,0.188,0.1902,2.832,2.8153,2.8753,2.8103,2.7453,2.7823,2.147,2.1465,2.146,2.1485,2.151,2.149,-33.67,-33.76,-33.96,-33.7,-33.84,-33.85,154.6,153.4,153.5,153.5,153.3,153.6
196,0.1655,0.1674,0.1692,0.1691,0.169,0.1682,2.731,2.7313,2.7993,2.7328,2.6663,2.6943,2.147,2.147,2.151,2.152,2.153,2.152,-34.88,-34.93,-35.14,-34.95,-34.96,-34.95,149.8,148.8,148.7,148.8,148.8,148.6
197,0.1516,0.1554,0.1592,0.1586,0.158,0.1602,2.72,2.7143,2.7793,2.7208,2.6623,2.6823,2.137,2.14,2.143,2.1445,2.146,2.148,-32.78,-32.77,-32.98,-32.66,-32.75,-32.75,152.2,151.3,151.2,151.2,151.3.151
198,0.1603,0.1633,0.1662,0.1656,0.165,0.1652,2.747,2.7583,2.8473,2.7733,2.6993,2.7243,2.145,2.1455,2.146,2.1475,2.149,2.15,-33.37,-33.33,-33.56,-33.28,-33.45,-33.45,153.7.153,152.9,153.1,152.9,153.1
199,0.1741,0.1752,0.1762,0.1771,0.178,0.1772,2.78,2.7573,2.8353,2.7708,2.7063,2.7313,2.136,2.137,2.138,2.137,2.136,2.135,-32.98,-32.92,-33.16,-32.82,-33.04,-33.05,156.2,155.1,155.3,155.5,155.3,155.4
200,0.1702,0.1722,0.1742,0.1741,0.174,0.1752,2.752,2.7303,2.8153,2.7513,2.6873,2.7133,2.13,2.1345,2.139,2.1395,2.14,2.139,-34.71,-34.19,-34.4,-34.4,-34.25,-34.25,154.5,153.5,153.6,153.6,153.3,153.3